index,source,target,distanceNorm
0,58,89,4478
1,58,107,1900
2,89,107,2578
3,58,132,86281
4,89,132,142687
5,107,132,76991
6,58,141,15483
7,89,141,2049
8,107,141,9783
9,132,141,500061
10,58,187,6641
11,89,187,3031
12,107,187,3031
13,132,187,230520
14,141,187,11555
15,58,197,20482
16,89,197,17580
17,107,197,9364
18,132,197,785130
19,141,197,64248
20,187,197,28566
21,58,228,3469
22,89,228,1009
23,107,228,1569
24,132,228,108381
25,141,228,5076
26,187,228,3031
27,197,228,13544
28,58,246,9255
29,89,246,14745
30,107,246,9589
31,132,246,499926
32,141,246,49067
33,187,246,24860
34,197,246,90356
35,228,246,12727
36,58,301,149111
37,89,301,96927
38,107,301,95071
39,132,301,5761470
40,141,301,372397
41,187,301,206078
42,197,301,837834
43,228,301,77613
44,246,301,615272
45,58,303,5738
46,89,303,1260
47,107,303,3838
48,132,303,189107
49,141,303,1731
50,187,303,4835
51,197,303,25422
52,228,303,2269
53,246,303,18205
54,301,303,150465
0,40,46,165643
1,40,92,92979
2,46,92,15287
3,40,132,830181
4,46,132,105477
5,92,132,49192
6,40,142,49172
7,46,142,3685
8,92,142,5801
9,132,142,34457
10,40,265,710315
11,46,265,78699
12,92,265,60410
13,132,265,487238
14,142,265,25665
15,40,301,452530
16,46,301,69593
17,92,301,8027
18,132,301,247399
19,142,301,25584
20,265,301,286349
0,20,117,34792
1,20,132,12692
2,117,132,38840
3,20,142,6312
4,117,142,29926
5,132,142,12118
6,20,170,90651
7,117,170,294783
8,132,170,114045
9,142,170,88045
10,20,263,36961
11,117,263,169171
12,132,263,67045
13,142,263,44467
14,170,263,469481
15,20,301,48722
16,117,301,261732
17,132,301,103510
18,142,301,65068
19,170,301,717385
20,263,301,331505
21,20,306,82328
22,117,306,222436
23,132,306,81558
24,142,306,68596
25,170,306,681047
26,263,306,404149
27,301,306,632062
28,20,335,10196
29,117,335,25100
30,132,335,10214
31,142,335,6700
32,170,335,82455
33,263,335,50829
34,301,335,80578
35,306,335,50198
36,20,339,7626
37,117,339,47438
38,132,339,20318
39,142,339,12562
40,170,339,122990
41,263,339,46760
42,301,339,64662
43,306,339,123246
44,335,339,17822
0,10,43,87165
1,10,89,13154
2,43,89,41502
3,10,107,5785
4,43,107,104821
5,89,107,14738
6,10,132,56535
7,43,132,614195
8,89,132,87054
9,107,132,75448
10,10,187,17516
11,43,187,129539
12,89,187,20162
13,107,187,27531
14,132,187,178861
15,10,196,43657
16,43,196,912021
17,89,196,133956
18,107,196,78588
19,132,196,693302
20,187,196,223693
21,10,239,14872
22,43,239,516018
23,89,239,75488
24,107,239,35086
25,132,239,344202
26,187,239,119090
27,196,239,301014
28,10,277,5668
29,43,277,22769
30,89,277,2446
31,107,277,5551
32,132,277,34853
33,187,277,10990
34,196,277,55427
35,239,277,30472
36,10,301,179387
37,43,301,2122988
38,89,301,305464
39,107,301,255519
40,132,301,1956305
41,187,301,616261
42,196,301,2324639
43,239,301,1138454
44,277,301,119555
45,10,337,54742
46,43,337,234763
47,89,337,34524
48,107,337,64835
49,132,337,394019
50,187,337,95230
51,196,337,571399
52,239,337,314396
53,277,337,16534
54,301,337,1384899
55,10,340,85268
56,43,340,378138
57,89,340,55044
58,107,340,102208
59,132,340,629294
60,187,340,148244
61,196,340,904730
62,239,340,500020
63,277,340,26114
64,301,340,2201046
65,337,340,289518
0,35,44,77954
1,35,92,96833
2,44,92,15085
3,35,132,159072
4,44,132,29632
5,92,132,15354
6,35,147,51162
7,44,147,6010
8,92,147,12080
9,132,147,17612
10,35,195,365725
11,44,195,61571
12,92,195,37097
13,132,195,79276
14,147,195,41222
15,35,301,1781125
16,44,301,261997
17,92,301,163759
18,132,301,395524
19,147,301,182532
20,195,301,889960
21,35,323,493067
22,44,323,74141
23,92,323,61213
24,132,323,118116
25,147,323,51286
26,195,323,245604
27,301,323,1312572
0,122,132,147408
1,122,153,38680
2,132,153,11672
3,122,270,191802
4,132,270,73476
5,153,270,14044
6,122,301,712980
7,132,301,298310
8,153,301,92806
9,270,301,449892
0,19,103,68622
1,19,124,68562
2,103,124,10380
3,19,132,477357
4,103,132,98504
5,124,132,99966
6,19,177,164170
7,103,177,38334
8,124,177,35784
9,132,177,227121
10,19,241,486795
11,103,241,105052
12,124,241,104048
13,132,241,710736
14,177,241,196261
15,19,264,124866
16,103,264,31848
17,124,264,27904
18,132,264,194838
19,177,264,60098
20,241,264,191318
21,19,301,366057
22,103,301,57474
23,124,301,68254
24,132,301,549227
25,177,301,216759
26,241,301,601185
27,264,301,167582
28,19,303,54302
29,103,303,6460
30,124,303,10368
31,132,303,79412
32,177,303,31674
33,241,303,86152
34,264,303,29300
35,301,303,43750
36,19,319,32559
37,103,319,11576
38,124,319,9610
39,132,319,51495
40,177,319,15561
41,241,319,53203
42,264,319,10294
43,301,319,53326
44,303,319,10466
45,19,339,39961
46,103,339,3230
47,124,339,5184
48,132,339,61853
49,177,339,27951
50,241,339,70081
51,264,339,18714
52,301,339,29080
53,303,339,4038
54,319,339,7252
0,119,126,340822
1,119,132,3881971
2,126,132,152023
3,119,167,2273627
4,126,167,79191
5,132,167,1091252
6,119,212,2271117
7,126,212,28511
8,132,212,1095559
9,167,212,527711
10,119,216,1399886
11,126,216,32786
12,132,216,666005
13,167,216,351233
14,212,216,231163
15,119,271,729611
16,126,271,30783
17,132,271,350918
18,167,271,204686
19,212,271,197859
20,216,271,120061
21,119,301,11938013
22,126,301,353503
23,132,301,5589259
24,167,301,3155337
25,212,301,2565994
26,216,301,1766111
27,271,301,1068271
0,18,90,367212
1,18,132,593880
2,90,132,152804
3,18,142,45288
4,90,142,9374
5,132,142,13574
6,18,229,1109405
7,90,229,310275
8,132,229,477457
9,142,229,39749
10,18,301,3059760
11,90,301,903632
12,132,301,1298044
13,142,301,106512
14,229,301,2258247
15,18,304,557068
16,90,304,129314
17,132,304,228540
18,142,304,14964
19,229,304,467060
20,301,304,1353414
0,57,73,16391
1,57,124,13669
2,73,124,1201
3,57,132,166124
4,73,132,16609
5,124,132,14209
6,57,133,24473
7,73,133,1804
8,124,133,3005
9,132,133,25663
10,57,163,13669
11,73,163,1998
12,124,163,797
13,132,163,16995
14,133,163,3802
15,57,249,127232
16,73,249,14926
17,124,249,12742
18,132,249,169178
19,133,249,25022
20,163,249,13392
21,57,275,26591
22,73,275,2157
23,124,275,3358
24,132,275,29107
25,133,275,353
26,163,275,4155
27,249,275,27846
28,57,301,1350761
29,73,301,150123
30,124,301,145482
31,132,301,1701163
32,133,301,187235
33,163,301,164137
34,249,301,1471404
35,275,301,201518
36,57,311,122573
37,73,311,7952
38,124,311,8561
39,132,311,128869
40,133,311,13254
41,163,311,14140
42,249,311,119278
43,275,311,14945
44,301,311,1111739
45,57,313,255881
46,73,313,10484
47,124,313,22843
48,132,313,279765
49,133,313,28962
50,163,313,31884
51,249,313,245830
52,275,313,34257
53,301,313,2420583
54,311,313,155180
0,7,9,9603669
1,7,10,1232735
2,9,10,817403
3,7,17,42351024
4,9,17,28220020
5,10,17,279982
6,7,21,21539064
7,9,21,12641219
8,10,21,1206737
9,17,21,41824932
10,7,32,1514179
11,9,32,1251327
12,10,32,137168
13,17,32,4618600
14,21,32,2952113
15,7,33,24767113
16,9,33,16837346
17,10,33,230041
18,17,33,6648010
19,21,33,25349303
20,32,33,2473307
21,7,36,18896546
22,9,36,12607666
23,10,36,159310
24,17,36,5886000
25,21,36,18705022
26,32,36,2049688
27,33,36,2833714
28,7,45,6115758
29,9,45,3884375
30,10,45,389315
31,17,45,13222160
32,21,45,8405308
33,32,45,608571
34,33,45,7361505
35,36,45,5881530
36,7,46,1035556
37,9,46,630947
38,10,46,38047
39,17,46,1370320
40,21,46,911336
41,32,46,160195
42,33,46,954693
43,36,46,618882
44,45,46,407678
45,7,57,14622823
46,9,57,9452036
47,10,57,936549
48,17,57,31879768
49,21,57,19751577
50,32,57,1437139
51,33,57,17926162
52,36,57,14189486
53,45,57,5410081
54,46,57,950945
55,7,69,32280622
56,9,69,21298577
57,10,69,272189
58,17,69,10789492
59,21,69,31317314
60,32,69,3664181
61,33,69,7304227
62,36,69,5172568
63,45,69,10312410
64,46,69,947634
65,57,69,24752347
66,7,71,1711687
67,9,71,1157711
68,10,71,12604
69,17,71,416390
70,21,71,1736105
71,32,71,174980
72,33,71,66189
73,36,71,176414
74,45,71,515355
75,46,71,63255
76,57,71,1251649
77,69,71,441889
78,7,83,9207771
79,9,83,6132950
80,10,83,44607
81,17,83,2345524
82,21,83,9086693
83,32,83,1005857
84,33,83,1430272
85,36,83,1173548
86,45,83,2877475
87,46,83,296783
88,57,83,6936518
89,69,83,2170133
90,71,83,81541
91,7,85,14480217
92,9,85,9645211
93,10,85,82768
94,17,85,3874028
95,21,85,14291095
96,32,85,1581490
97,33,85,2232717
98,36,85,1906900
99,45,85,4524605
100,46,85,466945
101,57,85,10907389
102,69,85,3545753
103,71,85,125688
104,83,85,717997
105,7,89,454049
106,9,89,272574
107,10,89,20905
108,17,89,745368
109,21,89,407575
110,32,89,74453
111,33,89,501806
112,36,89,335782
113,45,89,189699
114,46,89,3805
115,57,89,439494
116,69,89,526499
117,71,89,33509
118,83,89,161562
119,85,89,254169
120,7,107,7391417
121,9,107,4959358
122,10,107,32309
123,17,107,1669400
124,21,107,7390663
125,32,107,782767
126,33,107,730188
127,36,107,788242
128,45,107,2269665
129,46,107,254853
130,57,107,5490470
131,69,107,1726525
132,71,107,30711
133,83,107,265196
134,85,107,465099
135,89,107,136834
136,7,109,11715847
137,9,109,7915004
138,10,109,107409
139,17,109,3319680
140,21,109,11858777
141,32,109,1203863
142,33,109,655274
143,36,109,1445084
144,45,109,3537495
145,46,109,428787
146,57,109,8586568
147,69,109,3399777
148,71,109,51307
149,83,109,693034
150,85,109,1086619
151,89,109,227564
152,107,109,380370
153,7,121,4333512
154,9,121,2773092
155,10,121,222444
156,17,121,8080236
157,21,121,5898986
158,32,121,430012
159,33,121,4732100
160,36,121,3670364
161,45,121,1487672
162,46,121,285652
163,57,121,3779276
164,69,121,6352808
165,71,121,323276
166,83,121,1730636
167,85,121,2743608
168,89,121,135300
169,107,121,1370692
170,109,121,2255776
171,7,122,37766987
172,9,122,25006513
173,10,122,327660
174,17,122,12657640
175,21,122,37183455
176,32,122,4194596
177,33,122,7508527
178,36,122,5995354
179,45,122,11931373
180,46,122,1193595
181,57,122,28722711
182,69,122,10173621
183,71,122,451344
184,83,122,2527569
185,85,122,4113854
186,89,122,650819
187,107,122,1858411
188,109,122,3603909
189,121,122,7372428
190,7,124,450089
191,9,124,269802
192,10,124,21037
193,17,124,749592
194,21,124,404671
195,32,124,74057
196,33,124,503522
197,36,124,337630
198,45,124,188907
199,46,124,4027
200,57,124,436986
201,69,124,530195
202,71,124,33641
203,83,124,162486
204,85,124,255621
205,89,124,132
206,107,124,137494
207,109,124,228488
208,121,124,134772
209,122,124,654647
210,7,126,9643756
211,9,126,7373802
212,10,126,636680
213,17,126,21642470
214,21,126,15932276
215,32,126,452392
216,33,126,11497414
217,36,126,9631570
218,45,126,3530734
219,46,126,816224
220,57,126,8578246
221,69,126,17328862
222,71,126,813136
223,83,126,4698746
224,85,126,7399886
225,89,126,385534
226,107,126,3635726
227,109,126,5619860
228,121,126,2421824
229,122,126,19809940
230,124,126,383950
231,7,130,5872478
232,9,130,4020440
233,10,130,178736
234,17,130,5873186
235,21,130,6999674
236,32,130,545160
237,33,130,2783650
238,36,130,2588528
239,45,130,1861784
240,46,130,297764
241,57,130,4598588
242,69,130,4886926
243,71,130,203944
244,83,130,1281606
245,85,130,2014524
246,89,130,148882
247,107,130,958298
248,109,130,1413610
249,121,130,1247312
250,122,130,5543240
251,124,130,148882
252,126,130,2793664
253,7,132,26119365
254,9,132,17992664
255,10,132,1862765
256,17,132,63658104
257,21,132,36811425
258,32,132,2214729
259,33,132,36408118
260,36,132,28363646
261,45,132,10622695
262,46,132,1729403
263,57,132,24668898
264,69,132,49038847
265,71,132,2530777
266,83,132,13846386
267,85,132,21773757
268,89,132,774996
269,107,132,11026202
270,109,132,17344492
271,121,132,7508220
272,122,132,57173283
273,124,132,769056
274,126,132,14976760
275,130,132,9107356
276,7,148,9581980
277,9,148,6457323
278,10,148,57515
279,17,148,2244814
280,21,148,9656052
281,32,148,995553
282,33,148,632551
283,36,148,970760
284,45,148,2911040
285,46,148,343312
286,57,148,7057169
287,69,148,2289154
288,71,148,18109
289,83,148,398701
290,85,148,627365
291,89,148,182945
292,107,148,112361
293,109,148,362169
294,121,148,1794784
295,122,148,2363993
296,124,148,183737
297,126,148,4625290
298,130,148,1187446
299,132,148,14224885
300,7,159,18034585
301,9,159,12170683
302,10,159,131400
303,17,159,4687622
304,21,159,18219607
305,32,159,1862098
306,33,159,1309025
307,36,159,2133004
308,45,159,5459965
309,46,159,654017
310,57,159,13245789
311,69,159,4902299
312,71,159,93204
313,83,159,928863
314,85,159,1504644
315,89,159,347705
316,107,159,495037
317,109,159,839797
318,121,159,3409136
319,122,159,5250946
320,124,159,349157
321,126,159,8665058
322,130,159,2201596
323,132,159,26731165
324,148,159,541115
325,7,163,1264313
326,9,163,839840
327,10,163,831
328,17,163,279982
329,21,163,1241639
330,32,163,139661
331,33,163,219238
332,36,163,157648
333,45,163,397625
334,46,163,39709
335,57,163,957324
336,69,163,280499
337,71,163,11773
338,83,163,42114
339,85,163,81827
340,89,163,21736
341,107,163,28154
342,109,163,103254
343,121,163,229092
344,122,163,331815
345,124,163,21868
346,126,163,648314
347,130,163,180398
348,132,163,1906808
349,148,163,52529
350,159,163,125583
351,7,168,95914667
352,9,168,63969122
353,10,168,622709
354,17,168,26716166
355,21,168,95234413
356,32,168,10375945
357,33,168,14064422
358,36,168,13111234
359,45,168,29842479
360,46,168,3199923
361,57,168,72001902
362,69,168,25017627
363,71,168,841495
364,83,168,5202608
365,85,168,8541657
366,89,168,1726022
367,107,168,3443396
368,109,168,7087490
369,121,168,18196684
370,122,168,28659347
371,124,168,1734866
372,126,168,48577958
373,130,168,13168274
374,132,168,143978894
375,148,168,4466905
376,159,168,9973607
377,163,168,619390
378,7,169,66751657
379,9,169,44679889
380,10,169,483454
381,17,169,18594114
382,21,169,66457447
383,32,169,7142668
384,33,169,8174711
385,36,169,8766648
386,45,169,20617045
387,46,169,2252057
388,57,169,49815903
389,69,169,17634747
390,71,169,505712
391,83,169,3663887
392,85,169,5965728
393,89,169,1214459
394,107,169,2306517
395,109,169,4274809
396,121,169,12753412
397,122,169,19926362
398,124,169,1220663
399,126,169,33417564
400,130,169,8864440
401,132,169,99841927
402,148,169,2833927
403,159,169,6368858
404,163,169,472737
405,168,169,40853893
406,7,192,7137836
407,9,192,3970222
408,10,192,479284
409,17,192,16712432
410,21,192,7995560
411,32,192,1031172
412,33,192,10371430
413,36,192,7485992
414,45,192,2867816
415,46,192,306674
416,57,192,6852334
417,69,192,12360814
418,71,192,706156
419,83,192,3629074
420,85,192,5707976
421,89,192,135652
422,107,192,2977982
423,109,192,4817110
424,121,192,2041570
425,122,192,14725584
426,124,192,135124
427,126,192,5703684
428,130,192,2679876
429,132,192,12970688
430,148,192,3910974
431,159,192,7391624
432,163,192,494242
433,168,192,38127198
434,169,192,26700980
435,7,199,14212237
436,9,199,8344821
437,10,199,1127072
438,17,199,38894548
439,21,199,19336117
440,32,199,1694000
441,33,199,23163453
442,36,199,17374152
443,45,199,5567117
444,46,199,911279
445,57,199,13708619
446,69,199,29380899
447,71,199,1593420
448,83,199,8452903
449,85,199,13293710
450,89,199,409809
451,107,199,6830793
452,109,199,10894977
453,121,199,3915478
454,122,199,34534934
455,124,199,406773
456,126,199,10060254
457,130,199,5542298
458,132,199,26184901
459,148,199,8890487
460,159,199,16754542
461,163,199,1157819
462,168,199,88285731
463,169,199,61553572
464,192,199,6151772
465,7,213,10772287
466,9,213,6891318
467,10,213,703135
468,17,213,24410520
469,21,213,13399091
470,32,213,1319795
471,33,213,14891780
472,36,213,10921690
473,45,213,4394199
474,46,213,479807
475,57,213,10428700
476,69,213,18216755
477,71,213,1018235
478,83,213,5302620
479,85,213,8339835
480,89,213,204698
481,107,213,4323400
482,109,213,6952670
483,121,213,3117654
484,122,213,21657931
485,124,213,203612
486,126,213,7588990
487,130,213,3824838
488,132,213,18580524
489,148,213,5656685
490,159,213,10678235
491,163,213,723910
492,168,213,55690528
493,169,213,38845445
494,192,213,4449294
495,199,213,10070667
496,7,217,6907236
497,9,217,4556847
498,10,217,45701
499,17,217,2069610
500,21,217,6699756
501,32,217,784389
502,33,217,1547595
503,36,217,1044612
504,45,217,2207160
505,46,217,202536
506,57,217,5297469
507,69,217,1597254
508,71,217,89367
509,83,217,399497
510,85,217,670187
511,89,217,112557
512,107,217,324969
513,109,217,716607
514,121,217,1334732
515,122,217,2041709
516,124,217,113349
517,126,217,3697288
518,130,217,1046670
519,132,217,10494321
520,148,217,463766
521,159,217,994571
522,163,217,47363
523,168,217,4798877
524,169,217,3499407
525,192,217,2643990
526,199,217,6286131
527,213,217,3896985
528,7,235,2128920
529,9,235,1207146
530,10,235,181750
531,17,235,6274448
532,21,235,2926246
533,32,235,277758
534,33,235,3742996
535,36,235,2803172
536,45,235,857822
537,46,235,136462
538,57,235,2127858
539,69,235,4735954
540,71,235,257374
541,83,235,1363612
542,85,235,2144534
543,89,235,57522
544,107,235,1102604
545,109,235,1759624
546,121,235,591114
547,122,235,5562626
548,124,235,56994
549,126,235,1637364
550,130,235,893292
551,132,235,4073984
552,148,235,1435590
553,159,235,2705750
554,163,235,186736
555,168,235,14236468
556,169,235,9933794
557,192,235,901410
558,199,235,1839422
559,213,235,1492802
560,217,235,1013262
561,7,240,3262712
562,9,240,1722624
563,10,240,314780
564,17,240,10837040
565,21,240,4446190
566,32,240,427340
567,33,240,6392550
568,36,240,4838040
569,45,240,1355782
570,46,240,249090
571,57,240,3257658
572,69,240,8225430
573,71,240,440820
574,83,240,2355730
575,85,240,3704720
576,89,240,105730
577,107,240,1896990
578,109,240,3015750
579,121,240,987082
580,122,240,9603214
581,124,240,104410
582,126,240,2586580
583,130,240,1489016
584,132,240,6251898
585,148,240,2463830
586,159,240,4640080
587,163,240,323090
588,168,240,24499986
589,169,240,17113900
590,192,240,1380878
591,199,240,2846670
592,213,240,2507726
593,217,240,1759950
594,235,240,414932
595,7,243,12119885
596,9,243,6918765
597,10,243,829420
598,17,243,28604456
599,21,243,14202233
600,32,243,1620904
601,33,243,16993567
602,36,243,12775904
603,45,243,4794895
604,46,243,650831
605,57,243,11404749
606,69,243,21635053
607,71,243,1169728
608,83,243,6217069
609,85,243,9777398
610,89,243,284077
611,107,243,5019443
612,109,243,7999123
613,121,243,3403148
614,122,243,25429848
615,124,243,281569
616,126,243,9071604
617,130,243,4393760
618,132,243,21522451
619,148,243,6529425
620,159,243,12302870
621,163,243,851857
622,168,243,64860777
623,169,243,45244688
624,192,243,4730816
625,199,243,10793174
626,213,243,8124675
627,217,243,4628949
628,235,243,1605492
629,240,243,2320988
630,7,246,2057867
631,9,246,1403681
632,10,246,21714
633,17,246,618440
634,21,246,2119221
635,32,246,202310
636,33,246,52241
637,36,246,260884
638,45,246,606455
639,46,246,81475
640,57,246,1479923
641,69,246,666833
642,71,246,9110
643,83,246,136771
644,85,246,214640
645,89,246,42619
646,107,246,76261
647,109,246,70769
648,121,246,396156
649,122,246,692688
650,124,246,42751
651,126,246,940676
652,130,246,222900
653,132,246,3013641
654,148,246,72769
655,159,246,121104
656,163,246,20883
657,168,246,1329355
658,169,246,788634
659,192,246,870136
660,199,246,1930490
661,213,246,1245985
662,217,246,143157
663,235,246,312034
664,240,246,531920
665,243,246,1415698
666,7,264,807059
667,9,264,514949
668,10,264,11202
669,17,264,443140
670,21,264,736253
671,32,264,103562
672,33,264,375667
673,36,264,207192
674,45,264,277295
675,46,264,15643
676,57,264,656499
677,69,264,254815
678,71,264,23806
679,83,264,93641
680,85,264,149684
681,89,264,9703
682,107,264,88319
683,109,264,163419
684,121,264,174112
685,122,264,382354
686,124,264,9835
687,126,264,501970
688,130,264,156332
689,132,264,1269059
690,148,264,124727
691,159,264,240972
692,163,264,12033
693,168,264,1075921
694,169,264,768200
695,192,264,277648
696,199,264,712598
697,213,264,423085
698,217,264,54339
699,235,264,114538
700,240,264,202760
701,243,264,526966
702,246,264,32916
703,7,282,4908615
704,9,282,3992094
705,10,282,420323
706,17,282,14138008
707,21,282,9262013
708,32,282,52181
709,33,282,7534568
710,36,282,6272530
711,45,282,1931541
712,46,282,498223
713,57,282,4571458
714,69,282,11239475
715,71,282,533759
716,83,282,3079304
717,85,282,4841479
718,89,282,232178
719,107,282,2392396
720,109,282,3673322
721,121,282,1360588
722,122,282,12857177
723,124,282,230990
724,126,282,1464946
725,130,282,1688394
726,132,282,7014720
727,148,282,3039573
728,159,282,5683303
729,163,282,427802
730,168,282,31753984
731,169,282,21842497
732,192,282,3252258
733,199,282,5412981
734,213,282,4194322
735,217,282,2406081
736,235,282,886188
737,240,282,1370210
738,243,282,5118463
739,246,282,615749
740,264,282,319505
741,7,298,33533817
742,9,298,22364468
743,10,298,262137
744,17,298,10172448
745,21,298,33169703
746,32,298,3643577
747,33,298,5012046
748,36,298,4683016
749,45,298,10447465
750,46,298,1094093
751,57,298,25200200
752,69,298,8963843
753,71,298,293927
754,83,298,2016982
755,85,298,3231999
756,89,298,594084
757,107,298,1277876
758,109,298,2498362
759,121,298,6475364
760,122,298,10374829
761,124,298,597384
762,126,298,17104958
763,130,298,4611318
764,132,298,50356452
765,148,298,1501045
766,159,298,3700063
767,163,298,259644
768,168,298,22401878
769,169,298,15066681
770,192,298,13268362
771,199,298,30820783
772,213,298,19364850
773,217,298,1812639
774,235,298,4972504
775,240,298,8584090
776,243,298,22664893
777,246,298,471391
778,264,298,363869
779,282,298,11151206
780,7,301,77788233
781,9,301,51367109
782,10,301,4617226
783,17,301,157761678
784,21,301,101807317
785,32,301,7873398
786,33,301,90159309
787,36,301,70288836
788,45,301,29423261
789,46,301,4415483
790,57,301,70588329
791,69,301,121574157
792,71,301,6268350
793,83,301,34315319
794,85,301,53961520
795,89,301,2030977
796,107,301,27318609
797,109,301,42961581
798,121,301,20450080
799,122,301,141964926
800,124,301,2021689
801,126,301,46310892
802,130,301,23913568
803,132,301,128629053
804,148,301,35237821
805,159,301,66214736
806,163,301,4726087
807,168,301,357361027
808,169,301,247391666
809,192,301,35372160
810,199,301,73799948
811,213,301,52321225
812,217,301,26016993
813,235,301,11320686
814,240,301,18398550
815,243,301,60529492
816,246,301,7462154
817,264,301,3149764
818,282,301,24887359
819,298,301,124791779
820,7,314,15267326
821,9,314,10147289
822,10,314,88267
823,17,314,4272470
824,21,314,15008850
825,32,314,1683477
826,33,314,2691359
827,36,314,2159266
828,45,314,4796650
829,46,314,481538
830,57,314,11551185
831,69,314,3874676
832,71,314,156113
833,83,314,826369
834,85,314,1358103
835,89,314,263347
836,107,314,569217
837,109,314,1302417
838,121,314,2897040
839,122,314,4559711
840,124,314,264931
841,126,314,7888756
842,130,314,2171820
843,132,314,23014991
844,148,314,771502
845,159,314,1759127
846,163,314,89929
847,168,314,9559119
848,169,314,6858211
849,192,314,5976174
850,199,314,13990423
851,213,314,8749795
852,217,314,728682
853,235,314,2255922
854,240,314,3902230
855,243,314,10290189
856,246,314,248081
857,264,314,156375
858,282,314,5156259
859,298,314,3641369
860,301,314,57046899
861,7,326,7090126
862,9,326,4578867
863,10,326,91485
864,17,326,3748580
865,21,326,6651202
866,32,326,878179
867,33,326,2790043
868,36,326,1758430
869,45,326,2384542
870,46,326,163038
871,57,326,5686065
872,69,326,2639172
873,71,326,173887
874,83,326,774939
875,85,326,1235953
876,89,326,94185
877,107,326,655869
878,109,326,1245603
879,121,326,1499524
880,122,326,3424883
881,124,326,95241
882,126,326,4233208
883,130,326,1297326
884,132,326,11035493
885,148,326,898450
886,159,326,1827081
887,163,326,96471
888,168,326,8750227
889,169,326,6240481
890,192,326,2521942
891,199,326,6353437
892,213,326,3808517
893,217,326,535794
894,235,326,1015670
895,240,326,1787690
896,243,326,4669195
897,246,326,246767
898,264,326,53633
899,282,326,2705089
900,298,326,3050723
901,301,326,27438119
902,314,326,1296924
903,7,330,6261770
904,9,330,3682476
905,10,330,573484
906,17,330,19726832
907,21,330,9113196
908,32,330,748572
909,33,330,11596030
910,36,330,8804792
911,45,330,2558090
912,46,330,462122
913,57,330,6305714
914,69,330,14998414
915,71,330,800356
916,83,330,4288474
917,85,330,6744176
918,89,330,197194
919,107,330,3448982
920,109,330,5476510
921,121,330,1778544
922,122,330,17535800
923,124,330,194818
924,126,330,4573284
925,130,330,2693914
926,132,330,11852990
927,148,330,4476174
928,159,330,8427824
929,163,330,588442
930,168,330,44659354
931,169,330,31128380
932,192,330,2896502
933,199,330,5615206
934,213,330,4664750
935,217,330,3209190
936,235,330,778692
937,240,330,1224184
938,243,330,4938316
939,246,330,964336
940,264,330,371848
941,282,330,2404458
942,298,330,15623362
943,301,330,34225690
944,314,330,7106574
945,326,330,3272882
946,7,335,51530083
947,9,335,34566412
948,10,335,220641
949,17,335,11843958
950,21,335,51502717
951,32,335,5462803
952,33,335,5242638
953,36,335,5754484
954,45,335,15832435
955,46,335,1772927
956,57,335,38295240
957,69,335,12355671
958,71,335,258413
959,83,335,1955680
960,85,335,3437881
961,89,335,952316
962,107,335,890306
963,109,335,2770766
964,121,335,9550668
965,122,335,13445157
966,124,335,956936
967,126,335,25372774
968,130,335,6697042
969,132,335,76890748
970,148,335,1242625
971,159,335,3675761
972,163,335,195844
973,168,335,24916362
974,169,335,16754021
975,192,335,20746478
976,199,335,47611237
977,213,335,30125750
978,217,335,2322969
979,235,335,7685096
980,240,335,13223710
981,243,335,34987007
982,246,335,539349
983,264,335,612711
984,282,335,16697074
985,298,335,9616318
986,301,335,190506881
987,314,335,4163121
988,326,335,4624737
989,330,335,24043478
990,7,339,1007915
991,9,339,652777
992,10,339,113770
993,17,339,3869864
994,21,339,1903599
995,32,339,70194
996,33,339,2169133
997,36,339,1722116
998,45,339,367059
999,46,339,113399
1000,57,339,1000791
1001,69,339,3009037
1002,71,339,151582
1003,83,339,842071
1004,85,339,1324112
1005,89,339,51055
1006,107,339,665777
1007,109,339,1040077
1008,121,339,252912
1009,122,339,3469258
1010,124,339,50659
1011,126,339,543942
1012,130,339,446646
1013,132,339,1965823
1014,148,339,855165
1015,159,339,1604720
1016,163,339,116263
1017,168,339,8714687
1018,169,339,6042962
1019,192,339,612538
1020,199,339,929922
1021,213,339,921181
1022,217,339,644001
1023,235,339,137370
1024,240,339,208392
1025,243,339,969354
1026,246,339,178912
1027,264,339,80164
1028,282,339,237039
1029,298,339,3058627
1030,301,339,5923998
1031,314,339,1402701
1032,326,339,690995
1033,330,339,370534
1034,335,339,4643873
0,12,41,42988
1,12,89,4995
2,41,89,65196
3,12,107,2400
4,41,107,45642
5,89,107,2595
6,12,119,38560
7,41,119,727082
8,89,119,63935
9,107,119,50560
10,12,124,9763
11,41,124,329930
12,89,124,40080
13,107,124,21915
14,119,124,282953
15,12,132,86560
16,41,132,1441334
17,89,132,101012
18,107,132,78392
19,119,132,1337286
20,124,132,658368
21,12,142,6914
22,41,142,135060
23,89,142,16904
24,107,142,11714
25,119,142,105410
26,124,142,44414
27,132,142,248760
28,12,266,116618
29,41,266,1884638
30,89,266,170504
31,107,266,136012
32,119,266,1647138
33,124,266,801338
34,132,266,3321836
35,142,266,236020
36,12,272,68134
37,41,272,867134
38,89,272,14650
39,107,272,39334
40,119,272,888474
41,124,272,538318
42,132,272,1435582
43,142,272,219236
44,266,272,2271448
45,12,301,221019
46,41,301,3899406
47,89,301,298892
48,107,301,235903
49,119,301,3505111
50,124,301,1691124
51,132,301,6864354
52,142,301,635592
53,266,301,8930356
54,272,301,4114470
0,17,105,164
1,17,105,38030
2,105,105,38850
3,17,119,70107
4,105,119,294293
5,105,119,71747
6,17,126,80930
7,105,126,465670
8,105,126,83390
9,119,126,415019
10,17,132,111817
11,105,132,689863
12,105,132,115425
13,119,132,617126
14,126,132,992593
15,17,133,58
16,105,133,37740
17,105,133,222
18,119,133,69527
19,126,133,80060
20,132,133,110541
21,17,183,103809
22,105,183,410711
23,105,183,106105
24,119,183,339740
25,126,183,780365
26,132,183,1208760
27,133,183,102997
28,17,246,39789
29,105,246,178851
30,105,246,40773
31,119,246,75516
32,126,246,252457
33,132,246,367242
34,133,246,39441
35,183,246,232960
36,17,266,17749
37,105,266,128011
38,105,266,18405
39,119,266,112704
40,126,266,165835
41,132,266,215552
42,133,266,17517
43,183,266,238000
44,246,266,64460
45,17,289,26867
46,105,289,282933
47,105,289,26815
48,119,289,408964
49,126,289,576831
50,132,289,829746
51,133,289,26983
52,183,289,621036
53,246,289,242862
54,266,289,143144
55,17,301,211857
56,105,301,1219389
57,105,301,217597
58,119,301,831545
59,126,301,1807115
60,132,301,2533145
61,133,301,209827
62,183,301,1980109
63,246,301,571661
64,266,301,428583
65,289,301,1483915
0,12,100,13131
1,12,132,28400
2,100,132,173309
3,12,142,1258
4,100,142,5989
5,132,142,26444
6,12,163,3744
7,100,163,35595
8,132,163,50498
9,142,163,5002
10,12,164,14504
11,100,164,184970
12,132,164,329078
13,142,164,23230
14,163,164,31272
15,12,301,63918
16,100,301,364860
17,132,301,859190
18,142,301,51842
19,163,301,116238
20,164,301,765696
0,12,62,227384
1,12,89,29280
2,62,89,26527
3,12,101,26324
4,62,101,211773
5,89,101,27842
6,12,111,92256
7,62,111,53615
8,89,111,7872
9,101,111,82946
10,12,116,949142
11,62,116,660851
12,89,116,79702
13,101,116,866898
14,111,116,78652
15,12,124,48264
16,62,124,443094
17,89,124,56058
18,101,124,70666
19,111,124,182010
20,116,124,1864106
21,12,132,1237912
22,62,132,920113
23,89,132,64817
24,101,132,1145389
25,111,132,171135
26,116,132,2100977
27,124,132,2405768
28,12,142,47952
29,62,142,33529
30,89,142,2334
31,101,142,44180
32,111,142,5538
33,116,142,64502
34,124,142,93402
35,132,142,66537
36,12,211,244944
37,62,211,228803
38,89,211,24830
39,101,211,225774
40,111,211,52210
41,116,211,643182
42,124,211,478028
43,132,211,874371
44,142,211,31832
45,12,236,334744
46,62,236,254480
47,89,236,29991
48,101,236,304011
49,111,236,41357
50,116,236,540281
51,124,236,656978
52,132,236,861157
53,142,236,27657
54,211,236,247831
55,12,301,3497156
56,62,301,2917876
57,89,301,293089
58,101,301,3214865
59,111,301,571587
60,116,301,7195939
61,124,301,6836372
62,132,301,9656431
63,142,301,306809
64,211,301,2863717
65,236,301,2869162
0,21,132,222300
1,21,155,18524
2,132,155,255123
3,21,192,7052
4,132,192,129695
5,155,192,8641
6,21,301,292752
7,132,301,2539678
8,155,301,349054
9,192,301,175630
0,67,89,40997
1,67,108,390288
2,89,108,26689
3,67,132,686622
4,89,132,57001
5,108,132,437652
6,67,158,439429
7,89,158,17322
8,108,158,324479
9,132,158,669473
10,67,208,409650
11,89,208,24657
12,108,208,221066
13,132,208,413930
14,158,208,320365
15,67,245,207932
16,89,245,18114
17,108,245,233366
18,132,245,434492
19,158,245,194806
20,208,245,245916
21,67,246,49001
22,89,246,2001
23,108,246,18753
24,132,246,48997
25,158,246,28509
26,208,246,19309
27,245,246,27944
28,67,301,2946125
29,89,301,171739
30,108,301,1749901
31,132,301,3362721
32,158,301,2268301
33,208,301,1689901
34,245,301,1679074
35,246,301,158562
0,38,39,24346
1,38,112,22811
2,39,112,213540
3,38,120,2725
4,39,120,40696
5,112,120,51810
6,38,132,22672
7,39,132,163052
8,112,132,291981
9,120,132,41491
10,38,142,556
11,39,142,27682
12,112,142,27951
13,120,142,2169
14,132,142,25452
15,38,162,2716
16,39,162,40642
17,112,162,51711
18,120,162,9
19,132,162,41410
20,142,162,2160
21,38,207,9464
22,39,207,96964
23,112,207,157152
24,120,207,25814
25,132,207,124050
26,142,207,12800
27,162,207,25760
28,38,246,981
29,39,246,18460
30,112,246,24038
31,120,246,3706
32,132,246,19439
33,142,246,1537
34,162,246,3697
35,207,246,6540
36,38,253,20936
37,39,253,50834
38,112,253,189378
39,120,253,37286
40,132,253,136036
41,142,253,24272
42,162,253,37232
43,207,253,74516
44,246,253,15050
45,38,279,17484
46,39,279,356426
47,112,279,421447
48,120,279,15205
49,132,279,350294
50,142,279,14708
51,162,279,15106
52,207,279,195266
53,246,279,25561
54,253,279,318916
55,38,301,105349
56,39,301,690752
57,112,301,1283827
58,120,301,176787
59,132,301,1015385
60,142,301,114245
61,162,301,176481
62,207,301,566462
63,246,301,92231
64,253,301,560592
65,279,301,1537991
0,24,28,34149449
1,24,44,13540976
2,28,44,7497193
3,24,46,98441650
4,28,46,47625941
5,44,46,19645096
6,24,47,22751821
7,28,47,10889426
8,44,47,4129977
9,46,47,30508803
10,24,51,21181426
11,28,51,15333137
12,44,51,2961628
13,47,51,7423955
14,46,51,34932086
15,24,63,2123461
16,28,63,1274982
17,44,63,203223
18,47,63,583892
19,46,63,2982829
20,51,63,267647
21,24,81,11996488
22,28,81,9365806
23,44,81,2099308
24,47,81,4796514
25,46,81,21594936
26,51,81,1755984
27,63,81,248082
28,24,89,778584
29,28,89,372581
30,44,89,229524
31,47,89,360511
32,46,89,1381646
33,51,89,420654
34,63,89,40181
35,81,89,234090
36,24,103,149047641
37,28,103,89600911
38,44,103,27800117
39,47,103,54496593
40,46,103,243106821
41,51,103,42140201
42,63,103,3693277
43,81,103,26128694
44,89,103,2213075
45,24,104,27586766
46,28,104,10198822
47,44,104,5890518
48,47,104,8182920
49,46,104,37091044
50,51,104,12210400
51,63,104,999022
52,81,104,7535786
53,89,104,324902
54,103,104,71811618
55,24,107,1602051
56,28,107,739089
57,44,107,461715
58,47,107,720133
59,46,107,2812349
60,51,107,856421
61,63,107,81251
62,81,107,478848
63,89,107,8833
64,104,107,644458
65,103,107,4575532
66,24,114,10320528
67,28,114,3352396
68,44,114,2234268
69,47,114,2190354
70,46,114,11978028
71,51,114,4852380
72,63,114,378054
73,81,114,3048156
74,89,114,136968
75,104,114,2333520
76,103,114,28033230
77,107,114,268602
78,24,119,18318932
79,28,119,11534390
80,44,119,1793240
81,47,119,5310076
82,46,119,26589100
83,51,119,2060284
84,63,119,47798
85,81,119,1912144
86,89,119,354012
87,104,119,9034260
88,103,119,31926290
89,107,119,716914
90,114,119,3493752
91,24,121,2333628
92,28,121,621666
93,44,121,543516
94,47,121,697726
95,46,121,3020608
96,51,121,1237340
97,63,121,103658
98,81,121,747732
99,89,121,23296
100,104,121,466816
101,103,121,6559022
102,107,121,44814
103,114,121,134160
104,119,121,940984
105,24,122,746937
106,28,122,401214
107,44,122,225003
108,47,122,362018
109,46,122,1398223
110,51,122,395035
111,63,122,38674
112,81,122,216006
113,89,122,1507
114,104,122,342986
115,103,122,2116627
116,107,122,8833
117,114,122,146010
118,119,122,338942
119,121,122,26310
120,24,124,2707538
121,28,124,971760
122,44,124,632472
123,47,124,762526
124,46,124,3583890
125,51,124,1308842
126,63,124,107864
127,81,124,798204
128,89,124,27502
129,104,124,751506
130,103,124,7381240
131,107,124,59116
132,114,124,142020
133,119,124,983044
134,121,124,47340
135,122,124,30516
136,24,129,1990811
137,28,129,554673
138,44,129,503991
139,47,129,706041
140,46,129,2819577
141,51,129,1095985
142,63,129,95343
143,81,129,647952
144,89,129,14981
145,104,129,486332
146,103,129,5690836
147,107,129,28184
148,114,129,184050
149,119,129,857834
150,121,129,16630
151,122,129,17995
152,124,129,47340
153,24,132,136752279
154,28,132,72475243
155,44,132,25447425
156,47,132,44363795
157,46,132,204930943
158,51,132,42808681
159,63,132,3703703
160,81,132,26778416
161,89,132,2053343
162,104,132,56596990
163,103,132,321967592
164,107,132,4171336
165,114,132,19820118
166,119,132,32001996
167,121,132,4866218
168,122,132,2021485
169,124,132,5651742
170,129,132,4508344
171,24,133,3073172
172,28,133,1733915
173,44,133,759450
174,47,133,1099705
175,46,133,5034438
176,51,133,1264206
177,63,133,120675
178,81,133,726182
179,89,133,44228
180,104,133,1356104
181,103,133,8302567
182,107,133,89345
183,114,133,410112
184,119,133,1063356
185,121,133,111752
186,122,133,42721
187,124,133,122770
188,129,133,103437
189,132,133,7206759
190,24,138,1135841
191,28,138,301012
192,44,138,268103
193,47,138,349522
194,46,138,1488557
195,51,138,607467
196,63,138,51170
197,81,138,365958
198,89,138,10989
199,104,138,232278
200,103,138,3207021
201,107,138,21089
202,114,138,71034
203,119,138,463902
204,121,138,1318
205,122,138,12496
206,124,138,23670
207,129,138,6997
208,132,138,2401925
209,133,138,55217
210,24,142,3901072
211,28,142,1861400
212,44,142,590144
213,47,142,966312
214,46,142,5067746
215,51,142,1098464
216,63,142,66980
217,81,142,767424
218,89,142,63952
219,104,142,1411716
220,103,142,8521314
221,107,142,127904
222,114,142,383712
223,119,142,639520
224,121,142,127904
225,122,142,63952
226,124,142,128506
227,129,142,127904
228,132,142,7067032
229,133,142,191856
230,138,142,63952
231,24,178,8292615
232,28,178,5457148
233,44,178,2325565
234,47,178,4083282
235,46,178,16410259
236,51,178,3615127
237,63,178,374606
238,81,178,1940288
239,89,178,67385
240,104,178,4551932
241,103,178,22347619
242,107,178,163179
243,114,178,1910958
244,119,178,3220282
245,121,178,391026
246,122,178,51726
247,124,178,437292
248,129,178,299561
249,132,178,22366359
250,133,178,476887
251,138,178,188264
252,142,178,703472
253,24,185,109217458
254,28,185,42945253
255,44,185,22947420
256,47,185,31696833
257,46,185,147270644
258,51,185,46308426
259,63,185,3732589
260,81,185,28731638
261,89,185,1351956
262,104,185,32541594
263,103,185,281183957
264,107,185,2712001
265,114,185,9231900
266,119,185,34122080
267,121,185,2205000
268,122,185,1419771
269,124,185,3013086
270,129,185,2247747
271,132,185,223805507
272,133,185,5295382
273,138,185,1101841
274,142,185,5342416
275,178,185,18258637
276,24,193,5429157
277,28,193,1922435
278,44,193,1464381
279,47,193,2136103
280,46,193,8375993
281,51,193,2982295
282,63,193,268049
283,81,193,1728096
284,89,193,26963
285,104,193,1678768
286,103,193,15509672
287,107,193,72634
288,114,193,660030
289,119,193,2393702
290,121,193,85850
291,122,193,36005
292,124,193,142538
293,129,193,54196
294,132,193,13084876
295,133,193,292331
296,138,193,38971
297,142,193,383712
298,178,193,700903
299,185,193,7304911
300,24,230,7392103
301,28,230,3900745
302,44,230,1455539
303,47,230,2312637
304,46,230,10873181
305,51,230,2423825
306,63,230,215311
307,81,230,1495784
308,89,230,109943
309,104,230,3022198
310,103,230,18012440
311,107,230,227054
312,114,230,976458
313,119,230,1866988
314,121,230,261370
315,122,230,109943
316,124,230,290512
317,129,230,244740
318,132,230,15433380
319,133,230,378741
320,138,230,129367
321,142,230,383712
322,178,230,1241335
323,185,230,11826981
324,193,230,698260
325,24,247,14621765
326,28,247,9969301
327,44,247,1721775
328,47,247,4716039
329,46,247,22789633
330,51,247,1646389
331,63,247,115633
332,81,247,1330334
333,89,247,288169
334,104,247,7870460
335,103,247,27289958
336,107,247,585228
337,114,247,3098694
338,119,247,869924
339,121,247,809298
340,122,247,273099
341,124,247,851358
342,129,247,726148
343,132,247,27424564
344,133,247,865827
345,138,247,398059
346,142,247,647568
347,178,247,2527871
348,185,247,29873653
349,193,247,1998644
350,230,247,1590134
351,24,248,14167145
352,28,248,9757721
353,44,248,1771699
354,47,248,4621663
355,46,248,22245671
356,51,248,1646045
357,63,248,125451
358,81,248,1280660
359,89,248,278613
360,104,248,7730662
361,103,248,27003180
362,107,248,566116
363,114,248,3041358
364,119,248,971364
365,121,248,790186
366,122,248,263543
367,124,248,832246
368,129,248,707036
369,132,248,27294384
370,133,248,837159
371,138,248,388503
372,142,248,647830
373,178,248,2450399
374,185,248,29250793
375,193,248,1941308
376,230,248,1550770
377,247,248,953700
378,24,258,14895703
379,28,258,8949026
380,44,258,1429329
381,47,258,4112170
382,46,258,20973947
383,51,258,1891609
384,63,258,12258
385,81,258,1742766
386,89,258,281783
387,104,258,7009832
388,103,258,25937457
389,107,258,569789
390,114,258,2649474
391,119,258,340874
392,121,258,726638
393,122,258,271234
394,124,258,756080
395,129,258,668433
396,132,258,25981015
397,133,258,846273
398,138,258,358706
399,142,258,473874
400,178,258,2627918
401,185,258,26219891
402,193,258,1879439
403,230,258,1510273
404,247,258,830113
405,248,258,897901
406,24,264,1628264
407,28,264,520481
408,44,264,358626
409,47,264,348577
410,46,264,1881196
411,51,264,782754
412,63,264,61481
413,81,264,489690
414,89,264,21300
415,104,264,355304
416,103,264,4470509
417,107,264,41711
418,114,264,9168
419,119,264,567012
420,121,264,19304
421,122,264,22807
422,124,264,23670
423,129,264,27619
424,132,264,3168889
425,133,264,65528
426,138,264,10311
427,142,264,63952
428,178,264,301685
429,185,264,1436540
430,193,264,100837
431,230,264,153575
432,247,264,501169
433,248,264,491613
434,258,264,430883
435,24,275,5127443
436,28,275,2806680
437,44,275,1148415
438,47,275,1843160
439,46,275,8150793
440,51,275,1844075
441,63,275,181870
442,81,275,1064174
443,89,275,69227
444,104,275,2242380
445,103,275,13167325
446,107,275,139343
447,114,275,799050
448,119,275,1579710
449,121,275,188290
450,122,275,67720
451,124,275,218108
452,129,275,163345
453,132,275,11610127
454,133,275,274441
455,138,275,92168
456,142,275,319760
457,178,275,781454
458,185,275,8902487
459,193,275,461353
460,230,275,616939
461,247,275,1266247
462,248,275,1220373
463,258,275,1275670
464,264,275,125535
465,24,300,13710662
466,28,300,9770888
467,44,300,2105790
468,47,300,5041526
469,46,300,23123650
470,51,300,2123012
471,63,300,232714
472,81,300,1378208
473,89,300,259188
474,104,300,7816324
475,103,300,28275780
476,107,300,527266
477,114,300,3140364
478,119,300,1753564
479,121,300,778468
480,122,300,244118
481,124,300,834838
482,129,300,678688
483,132,300,28265960
484,133,300,813514
485,138,300,381326
486,142,300,767424
487,178,300,2269872
488,185,300,30028742
489,193,300,1844378
490,230,300,1617196
491,247,300,1362774
492,248,300,1411162
493,258,300,1635190
494,264,300,505058
495,275,300,1213650
496,24,301,267361181
497,28,301,127162906
498,44,301,47636855
499,47,301,78369948
500,46,301,372899469
501,51,301,87407061
502,63,301,6884830
503,81,301,56424444
504,89,301,3978745
505,104,301,97640792
506,103,301,626525685
507,107,301,7985159
508,114,301,31532982
509,119,301,60549458
510,121,301,8109606
511,122,301,4010392
512,124,301,9635640
513,129,301,7825315
514,132,301,523630669
515,133,301,13712567
516,138,301,4020070
517,142,301,12232518
518,178,301,45704330
519,185,301,387804895
520,193,301,23725869
521,230,301,28571053
522,247,301,54615877
523,248,301,54406167
524,258,301,48312824
525,264,301,5037195
526,275,301,22203472
527,300,301,57904202
528,24,309,99800618
529,28,309,62541649
530,44,309,13281148
531,47,309,32365335
532,46,309,153618030
533,51,309,17798860
534,63,309,1056727
535,81,309,13148410
536,89,309,1717042
537,104,309,49689776
538,103,309,193813443
539,107,309,3547047
540,114,309,19372968
541,119,309,9684288
542,121,309,4959536
543,122,309,1635519
544,124,309,5250508
545,129,309,4402431
546,132,309,193050037
547,133,309,5726740
548,138,309,2435615
549,142,309,4415464
550,178,309,16129351
551,185,309,189418798
552,193,309,12039795
553,230,309,11092219
554,247,309,10025499
555,248,309,10310295
556,258,309,7528081
557,264,309,3126452
558,275,309,8719309
559,300,309,13312752
560,301,309,373493621
561,24,319,1886557
562,28,319,634204
563,44,319,396939
564,47,319,403496
565,46,319,2211929
566,51,319,855123
567,63,319,65738
568,81,319,540774
569,89,319,25557
570,104,319,448958
571,103,319,5032433
572,107,319,50225
573,114,319,16374
574,119,319,609582
575,121,319,27818
576,122,319,27064
577,124,319,23670
578,129,319,36133
579,132,319,3550077
580,133,319,76539
581,138,319,14568
582,142,319,64496
583,178,319,348512
584,185,319,1737383
585,193,319,126379
586,230,319,179117
587,247,319,543739
588,248,319,534183
589,258,319,460682
590,264,319,4257
591,275,319,146820
592,300,319,556142
593,301,319,5683318
594,309,319,3411671
0,55,73,457058
1,55,92,38183
2,73,92,108797
3,55,122,66632
4,73,122,198920
5,92,122,13192
6,55,123,119684
7,73,123,307132
8,92,123,37322
9,122,123,70136
10,55,132,474831
11,73,132,1342255
12,92,132,36368
13,122,132,174258
14,123,132,431786
15,55,201,162255
16,73,201,453495
17,92,201,29081
18,122,201,63296
19,123,201,133208
20,132,201,397843
21,55,251,121200
22,73,251,329028
23,92,251,29581
24,122,251,48494
25,123,251,90292
26,132,251,363065
27,201,251,120711
28,55,301,897717
29,73,301,2464701
30,92,301,163743
31,122,301,358988
32,123,301,707072
33,132,301,2213241
34,201,301,843034
35,251,301,663971
0,2,16,20235
1,2,50,618
2,16,50,15955
3,2,79,22988
4,16,79,126454
5,50,79,20516
6,2,119,29998
7,16,119,122167
8,50,119,26908
9,79,119,105226
10,2,132,104650
11,16,132,521492
12,50,132,94662
13,79,132,531206
14,119,132,421546
15,2,145,15830
16,16,145,190933
17,50,145,13740
18,79,145,225784
19,119,145,271278
20,132,145,1007392
21,2,246,2729
22,16,246,9988
23,50,246,2111
24,79,246,15502
25,119,246,16353
26,132,246,65590
27,145,246,22957
28,2,278,49742
29,16,278,186476
30,50,278,44798
31,79,278,168140
32,119,278,71914
33,132,278,618626
34,145,278,441564
35,246,278,27910
36,2,301,234992
37,16,301,1073042
38,50,301,209760
39,79,301,1093558
40,119,301,798306
41,132,301,4328454
42,145,301,2194876
43,246,301,140452
44,278,301,1072046
45,2,302,20108
46,16,302,116364
47,50,302,15164
48,79,302,147048
49,119,302,151354
50,132,302,621198
51,145,302,199014
52,246,302,13124
53,278,302,237072
54,301,302,1296418
0,5,119,14226
1,5,132,79457
2,119,132,145458
3,5,142,7863
4,119,142,750
5,132,142,77592
6,5,172,131041
7,119,172,226380
8,132,172,1485997
9,142,172,124377
10,5,301,237327
11,119,301,374056
12,132,301,2760845
13,142,301,204417
14,172,301,4706696
0,68,93,1377212
1,68,124,42263
2,93,124,119228
3,68,132,536509
4,93,132,695956
5,124,132,42810
6,68,287,449063
7,93,287,825874
8,124,287,30472
9,132,287,330642
10,68,301,843245
11,93,301,757466
12,124,301,73833
13,132,301,387425
14,287,301,524595
15,68,303,33987
16,93,303,91948
17,124,303,1240
18,132,303,34130
19,287,303,19312
20,301,303,60193
0,74,76,40341
1,74,110,105178
2,76,110,469080
3,74,132,170816
4,76,132,803060
5,110,132,1263176
6,74,175,116590
7,76,175,475061
8,110,175,707026
9,132,175,1150936
10,74,224,88488
11,76,224,402491
12,110,224,634620
13,132,224,1073564
14,175,224,581620
15,74,246,30514
16,76,246,109534
17,110,246,147536
18,132,246,208624
19,175,246,81590
20,224,246,111394
21,74,280,210042
22,76,280,791790
23,110,280,1089902
24,132,280,1625204
25,175,280,717404
26,224,280,866568
27,246,280,67232
28,74,301,609902
29,76,301,2678213
30,110,301,4030428
31,132,301,6298456
32,175,301,3534698
33,224,301,3422128
34,246,301,634338
35,280,301,4989666
0,12,88,501172
1,12,89,177056
2,88,89,50131
3,12,132,116278
4,88,132,47343
5,89,132,9756
6,12,153,46142
7,88,153,30966
8,89,153,14091
9,132,153,9213
10,12,163,739450
11,88,163,361942
12,89,163,121373
13,132,163,81583
14,153,163,36570
15,12,209,787038
16,88,209,355227
17,89,209,98487
18,132,209,58963
19,153,209,51925
20,163,209,590259
21,12,301,1713036
22,88,301,856031
23,89,301,289088
24,132,301,182502
25,153,301,92005
26,163,301,1316015
27,209,301,1286021
0,126,132,1000886
1,126,163,134782
2,132,163,147198
3,126,266,118576
4,132,266,133576
5,163,266,14684
6,126,267,49748
7,132,267,47127
8,163,267,7342
9,266,267,10050
10,126,301,1592656
11,132,301,1689260
12,163,301,225850
13,266,301,180002
14,267,301,96016
0,0,3,656294
1,0,13,2603054
2,0,13,2500676
3,3,13,3149862
4,3,13,2729168
5,13,13,4830750
6,0,25,8215562
7,3,25,11470695
8,13,25,18737200
9,13,25,15046089
10,0,54,188976
11,3,54,122889
12,13,54,626508
13,13,54,715059
14,25,54,2920944
15,0,56,625214
16,3,56,621247
17,13,56,2271392
18,13,56,2339881
19,25,56,7205430
20,54,56,184596
21,0,78,2557484
22,3,78,3386646
23,13,78,4924778
24,13,78,4002836
25,25,78,11142713
26,54,78,798327
27,56,78,2269493
28,0,118,323460
29,3,118,485713
30,13,118,770790
31,13,118,567765
32,25,118,949586
33,54,118,124242
34,56,118,280592
35,78,118,355101
36,0,119,323444
37,3,119,485691
38,13,119,770746
39,13,119,567727
40,25,119,949500
41,54,119,124236
42,56,119,280578
43,78,119,355071
44,118,119,2
45,0,121,57246
46,3,121,24913
47,13,121,278924
48,13,121,321483
49,25,121,1095898
50,54,121,14670
51,56,121,53822
52,78,121,339459
53,118,121,46304
54,119,121,46302
55,0,122,326822
56,3,122,428521
57,13,122,502434
58,13,122,394579
59,25,122,1259069
60,54,122,100419
61,56,122,290429
62,78,122,314239
63,118,122,49355
64,119,122,49351
65,121,122,43253
66,0,126,289286
67,3,126,359705
68,13,126,406610
69,13,126,355199
70,25,126,1369057
71,54,126,81651
72,56,126,259149
73,78,126,321355
74,118,126,55611
75,119,126,55607
76,121,126,36997
77,122,126,12512
78,0,128,155146
79,3,128,199108
80,13,128,226792
81,13,128,185500
82,25,128,650197
83,54,128,46077
84,56,128,138327
85,78,128,155742
86,118,128,26055
87,119,128,26053
88,121,128,20249
89,122,128,2755
90,126,128,5029
91,0,132,4135148
92,3,132,5591794
93,13,132,7590922
94,13,132,5999390
95,25,132,15811735
96,54,132,1335033
97,56,132,3656569
98,78,132,4521358
99,118,132,508189
100,119,132,508147
101,121,132,557481
102,122,132,400485
103,126,132,438405
104,128,132,202644
105,0,139,2937548
106,3,139,3769352
107,13,139,4853470
108,13,139,4063960
109,25,139,13027537
110,54,139,888177
111,56,139,2616663
112,78,139,3402278
113,118,139,510293
114,119,139,510255
115,121,139,379189
116,122,139,196949
117,126,139,238153
118,128,139,105362
119,132,139,4650002
120,0,141,690742
121,3,141,682588
122,13,141,1430762
123,13,141,1665866
124,25,141,6544051
125,54,141,161391
126,56,141,632553
127,78,141,1778430
128,118,141,273397
129,119,141,273383
130,121,141,68467
131,122,141,201309
132,126,141,157517
133,128,141,91012
134,132,141,2830192
135,139,141,1835164
136,0,156,737954
137,3,156,678030
138,13,156,2778060
139,13,156,2923126
140,25,156,9309409
141,54,156,203397
142,56,156,675929
143,78,156,2895680
144,118,156,369675
145,119,156,369657
146,121,156,57337
147,122,156,369909
148,126,156,326117
149,128,156,175312
150,132,156,4690708
151,139,156,3315332
152,141,156,758972
153,0,160,141784
154,3,160,174611
155,13,160,194968
156,13,160,173381
157,25,160,691444
158,54,160,39396
159,56,160,127192
160,78,160,153515
161,118,160,28282
162,119,160,28280
163,121,160,18022
164,122,160,7209
165,126,160,5029
166,128,160,2227
167,132,160,214247
168,139,160,118269
169,141,160,75423
170,156,160,159723
171,0,163,213800
172,3,163,224802
173,13,163,366368
174,13,163,375578
175,25,163,1626054
176,54,163,43908
177,56,163,196244
178,78,163,389452
179,118,163,68192
180,119,163,68188
181,121,163,24416
182,122,163,37674
183,126,163,28068
184,128,163,16082
185,132,163,617646
186,139,163,384080
187,141,163,118858
188,156,163,238050
189,160,163,11628
190,0,184,1053176
191,3,184,1248212
192,13,184,1424168
193,13,184,1387476
194,25,184,5815100
195,54,184,274620
196,56,184,949956
197,78,184,1356024
198,118,184,239772
199,119,184,239756
200,121,184,130660
201,122,184,85462
202,126,184,60496
203,128,184,34466
204,132,184,1940060
205,139,184,1102452
206,141,184,529622
207,156,184,1183172
208,163,184,99162
209,160,184,25504
210,0,227,2046228
211,3,227,2649625
212,13,227,3848924
213,13,227,3229437
214,25,227,9446088
215,54,227,632148
216,56,227,1819446
217,78,227,2659201
218,118,227,345842
219,119,227,345816
220,121,227,264506
221,122,227,251329
222,126,227,255859
223,128,227,124287
224,132,227,3792025
225,139,227,2701367
226,141,227,1381877
227,156,227,2309827
228,163,227,314186
229,160,227,125656
230,184,227,1071746
231,0,228,321092
232,3,228,418016
233,13,228,485244
234,13,228,385984
235,25,228,1273394
236,54,228,97554
237,56,228,285654
238,78,228,313284
239,118,228,50310
240,119,228,50306
241,121,228,42298
242,122,228,1910
243,126,228,10946
244,128,228,1800
245,132,228,401440
246,139,228,201724
247,141,228,194624
248,156,228,363224
249,163,228,35764
250,160,228,6254
251,184,228,79732
252,227,228,250374
253,0,232,1849118
254,3,232,2707439
255,13,232,3810214
256,13,232,2727289
257,25,232,4588629
258,54,232,672591
259,56,232,1613241
260,78,232,1717463
261,118,232,107115
262,119,232,107099
263,121,232,263317
264,122,232,180610
265,126,232,230658
266,128,232,101325
267,132,232,2103049
268,139,232,2048399
269,141,232,1437371
270,156,232,2111771
271,163,232,331306
272,160,232,119141
273,184,232,1061256
274,227,232,1466101
275,228,232,188250
276,0,233,1494572
277,3,233,2061268
278,13,233,2935400
279,13,233,2296060
280,25,233,5426510
281,54,233,495318
282,56,233,1317786
283,78,233,1682376
284,118,233,166206
285,119,233,166190
286,121,233,204226
287,122,233,168136
288,126,233,178774
289,128,233,84068
290,132,233,2301442
291,139,233,1891512
292,141,233,1074852
293,156,233,1698134
294,163,233,237478
295,160,233,87572
296,184,233,784262
297,227,233,1435742
298,228,233,168136
299,232,233,672544
300,0,242,1125756
301,3,242,1551928
302,13,242,2009804
303,13,242,1514736
304,25,242,3705464
305,54,242,373902
306,56,242,992362
307,78,242,1083534
308,118,242,123850
309,119,242,123838
310,121,242,153974
311,122,242,78162
312,126,242,98378
313,128,242,41836
314,132,242,1380406
315,139,242,1022834
316,141,242,773432
317,156,242,1279232
318,163,242,164050
319,160,242,49610
320,184,242,475392
321,227,242,892650
322,228,242,80072
323,233,242,514306
324,232,242,376912
325,0,246,996432
326,3,246,1303284
327,13,246,1652278
328,13,246,1375338
329,25,246,4326438
330,54,246,306090
331,56,246,885648
332,78,246,1094716
333,118,246,146454
334,119,246,146442
335,121,246,131370
336,122,246,84120
337,126,246,75072
338,128,246,36550
339,132,246,1550802
340,139,246,1071178
341,141,246,615204
342,156,246,1127298
343,163,246,118714
344,160,246,30388
345,184,246,341244
346,227,246,942680
347,228,246,80300
348,233,246,587428
349,232,246,697700
350,242,246,363656
351,0,256,1147988
352,3,256,1422034
353,13,256,1622338
354,13,256,1435906
355,25,256,5513024
356,54,256,322026
357,56,256,1028966
358,78,256,1298606
359,118,256,223970
360,119,256,223954
361,121,256,146462
362,122,256,53100
363,126,256,48338
364,128,256,22268
365,132,256,1783266
366,139,256,972032
367,141,256,626232
368,156,256,1293786
369,163,256,112898
370,160,256,22268
371,184,256,257764
372,227,256,1034780
373,228,256,47740
374,233,256,728618
375,232,256,934840
376,242,256,406484
377,246,256,312574
378,0,271,235568
379,3,271,261222
380,13,271,293370
381,13,271,330178
382,25,271,1543044
383,54,271,54792
384,56,271,214384
385,78,271,357166
386,118,271,64564
387,119,271,64560
388,121,271,28044
389,122,271,30418
390,126,271,17906
391,128,271,12454
392,132,271,530462
393,139,271,312684
394,141,271,102682
395,156,271,263446
396,163,271,20916
397,160,271,8000
398,184,271,54502
399,227,271,278806
400,228,271,28508
401,233,271,212956
402,232,271,302282
403,242,271,139684
404,246,271,94476
405,256,271,74244
406,0,293,1250272
407,3,293,1378239
408,13,293,3937220
409,13,293,3801273
410,25,293,11242115
411,54,293,364401
412,56,293,1130535
413,78,293,3520521
414,118,293,423907
415,119,293,423883
416,121,293,131741
417,122,293,443772
418,126,293,406236
419,128,293,213621
420,132,293,5557269
421,139,293,4094279
422,141,293,1188127
423,156,293,1376623
424,163,293,330750
425,160,293,200259
426,184,293,1520976
427,227,293,2854969
428,228,293,438042
429,233,293,1971208
430,232,293,2316918
431,242,293,1476606
432,246,293,1377886
433,256,293,1615788
434,271,293,352518
435,0,295,127000
436,3,295,78029
437,13,295,432386
438,13,295,495907
439,25,295,1975327
440,54,295,14739
441,56,295,121825
442,78,295,547983
443,118,295,83879
444,119,295,83875
445,121,295,8729
446,122,295,69048
447,126,295,56536
448,128,295,31769
449,132,295,914195
450,139,295,609985
451,141,295,110747
452,156,295,135061
453,163,295,31374
454,160,295,27315
455,184,295,191488
456,227,295,432993
457,228,295,67138
458,233,295,338646
459,232,295,456802
460,242,295,255574
461,246,295,210366
462,256,295,223092
463,271,295,38630
464,293,295,244208
465,0,301,24003888
466,3,301,32471115
467,13,301,46735644
468,13,301,37670463
469,25,301,96542719
470,54,301,7858263
471,56,301,21209387
472,78,301,28711037
473,118,301,3033981
474,119,301,3033717
475,121,301,3210939
476,122,301,2800130
477,126,301,2996760
478,128,301,1423737
479,132,301,40155501
480,139,301,30978533
481,141,301,16984249
482,156,301,27203589
483,163,301,3891654
484,160,301,1495705
485,184,301,12865622
486,227,301,24183249
487,228,301,2814098
488,233,301,14664584
489,232,301,13618398
490,242,301,9304998
491,246,301,10251750
492,256,301,12132856
493,271,301,3425710
494,293,301,32614444
495,295,301,5366974
496,0,315,1212402
497,3,315,1710779
498,13,315,2224268
499,13,315,1567163
500,25,315,3445597
501,54,315,417225
502,56,315,1064567
503,78,315,1036419
504,118,315,109409
505,119,315,109397
506,121,315,168415
507,122,315,77312
508,126,315,114848
509,128,315,46921
510,132,315,1268825
511,139,315,987295
512,141,315,874519
513,156,315,1380319
514,163,315,190334
515,160,315,60283
516,184,315,563360
517,227,315,826275
518,228,315,83042
519,233,315,504408
520,232,315,244136
521,242,315,220352
522,246,315,406984
523,256,315,468548
524,271,315,168566
525,293,315,1563252
526,295,315,284456
527,301,315,8776870
528,0,316,2603878
529,3,316,3666430
530,13,316,5073860
531,13,316,3776878
532,25,316,8048333
533,54,316,892491
534,56,316,2287401
535,78,316,2607662
536,118,316,240885
537,119,316,240859
538,121,316,361067
539,122,316,243039
540,126,316,295507
541,128,316,131162
542,132,316,3344854
543,139,316,2834202
544,141,316,1909414
545,156,316,2963866
546,163,316,425702
547,160,316,150097
548,184,316,1351572
549,227,316,2176401
550,228,316,249724
551,233,316,1161708
552,232,316,669695
553,242,316,663136
554,246,316,974242
555,256,316,1200738
556,271,316,382550
557,293,316,3364053
558,295,316,608657
559,301,316,21837521
560,315,316,517135
561,0,321,4413046
562,3,321,5957426
563,13,321,7279884
564,13,321,5451092
565,25,321,15195049
566,54,321,1419123
567,56,321,3903505
568,78,321,3992356
569,118,321,562309
570,119,321,562259
571,121,321,595291
572,122,321,141251
573,126,321,277973
574,128,321,96948
575,132,321,5033036
576,139,321,2848446
577,141,321,2898762
578,156,321,5006262
579,163,321,580182
580,160,321,145485
581,184,321,1519710
582,227,321,3213127
583,228,321,159396
584,233,321,2107682
585,232,321,1821209
586,242,321,930468
587,246,321,1274480
588,256,321,1151920
589,271,321,489482
590,293,321,5874921
591,295,321,972357
592,301,321,35392795
593,316,321,2733132
594,315,321,650679
595,0,331,857730
596,3,331,1060547
597,13,331,1186746
598,13,331,1047023
599,25,331,4127277
600,54,331,239889
601,56,331,769007
602,78,331,940949
603,118,331,168521
604,119,331,168509
605,121,331,109303
606,122,331,40912
607,126,331,30174
608,128,331,12191
609,132,331,1295635
610,139,331,711239
611,141,331,460735
612,156,331,966535
613,163,331,75908
614,160,331,7569
615,184,331,159922
616,227,331,757735
617,228,331,35182
618,233,331,527348
619,232,331,705478
620,242,331,294008
621,246,331,196528
622,256,331,135940
623,271,331,50342
624,293,331,1208580
625,295,331,166232
626,301,331,8962774
627,316,331,891603
628,315,331,354672
629,321,331,854057
0,32,42,634693
1,32,132,1269945
2,42,132,608200
3,32,246,177672
4,42,246,42432
5,132,246,170412
6,32,294,363175
7,42,294,122710
8,132,294,314388
9,246,294,42432
10,32,301,3740846
11,42,301,945395
12,132,301,3436659
13,246,301,360680
14,294,301,729589
15,32,341,46021
16,42,341,24583
17,132,341,33795
18,246,341,7072
19,294,341,9211
20,301,341,119853
0,71,124,5975
1,71,132,61737
2,124,132,56728
3,71,171,6510
4,124,171,535
5,132,171,64171
6,71,214,26050
7,124,214,21750
8,132,214,299450
9,171,214,26030
10,71,286,5401
11,124,286,574
12,132,286,50414
13,171,286,1109
14,214,286,17158
15,71,288,109349
16,124,288,138445
17,132,288,1828867
18,171,288,159741
19,214,288,679898
20,286,288,118775
21,71,301,134734
22,124,301,178741
23,132,301,2353477
24,171,301,204646
25,214,301,891702
26,286,301,154883
27,288,301,5048987
28,71,335,802
29,124,335,5173
30,132,335,48103
31,171,335,5708
32,214,335,19634
33,286,335,4599
34,288,335,94479
35,301,335,109556
0,89,132,511362
1,89,182,8205
2,132,182,181173
3,89,185,32887
4,132,185,94215
5,182,185,10273
6,89,186,282598
7,132,186,1378354
8,182,186,106890
9,185,186,78702
10,89,220,37414
11,132,220,734966
12,182,220,14446
13,186,220,430920
14,185,220,47192
15,89,254,39432
16,132,254,610776
17,182,254,20122
18,186,254,354528
19,185,254,41516
20,220,254,78502
21,89,301,926818
22,132,301,5593290
23,182,301,320869
24,186,301,3768006
25,185,301,283509
26,220,301,1417448
27,254,301,1275864
28,89,310,316929
29,132,310,894655
30,182,310,101796
31,186,310,737250
32,185,310,15215
33,220,310,452986
34,254,310,392612
35,301,310,2785193
0,8,62,9510
1,8,70,6435
2,62,70,1025
3,8,80,214719
4,62,80,131803
5,70,80,112328
6,8,119,97011
7,62,119,70377
8,70,119,58077
9,80,119,629793
10,8,122,14811
11,62,122,8107
12,70,122,7082
13,80,122,22230
14,119,122,44847
15,8,132,58587
16,62,132,19857
17,70,132,16682
18,80,132,640148
19,119,132,373365
20,122,132,39542
21,8,143,3738
22,62,143,1924
23,70,143,899
24,80,143,95247
25,119,143,47289
26,122,143,6183
27,132,143,15791
28,8,288,23079
29,62,288,14033
30,70,288,11983
31,80,288,29241
32,119,288,67884
33,122,288,2181
34,132,288,68179
35,143,288,10185
36,8,301,242457
37,62,301,133193
38,70,301,110650
39,80,301,2134684
40,119,301,1287153
41,122,301,140568
42,132,301,823996
43,143,301,94021
44,288,301,228527
45,8,305,205149
46,62,305,114939
47,70,305,95722
48,80,305,1162216
49,119,305,921273
50,122,305,76066
51,132,305,646536
52,143,305,82357
53,288,305,126113
54,301,305,2538888
0,15,37,1808
1,15,48,3393
2,37,48,1585
3,15,93,27628
4,37,93,18588
5,48,93,10663
6,15,120,77033
7,37,120,60761
8,48,120,47554
9,93,120,207361
10,15,132,13941
11,37,132,8857
12,48,132,11233
13,93,132,98253
14,120,132,351667
15,15,133,6589
16,15,133,18628
17,37,133,4781
18,37,133,13204
19,48,133,3196
20,48,133,8449
21,93,133,5863
22,93,133,31822
23,120,133,41790
24,120,133,137163
25,132,133,25593
26,132,133,73171
27,133,133,7013
28,15,143,3404
29,37,143,1596
30,48,143,11
31,93,143,10608
32,120,143,47477
33,132,143,11255
34,133,143,8416
35,133,143,3185
36,15,160,544
37,37,160,1264
38,48,160,2849
39,93,160,24908
40,120,160,72137
41,132,160,11309
42,133,160,16996
43,133,160,6045
44,143,160,2860
45,15,187,8952
46,37,187,7144
47,48,187,5559
48,93,187,17132
49,120,187,47267
50,132,187,39771
51,133,187,9376
52,133,187,2363
53,143,187,5548
54,160,187,8408
55,15,261,6069
56,37,261,4261
57,48,261,2676
58,93,261,4303
59,120,261,41270
60,132,261,22473
61,133,261,6493
62,133,261,520
63,143,261,2665
64,160,261,5525
65,187,261,2883
66,15,286,3212
67,37,286,1404
68,48,286,181
69,93,286,11568
70,120,286,48821
71,132,286,10871
72,133,286,8992
73,133,286,3377
74,143,286,192
75,160,286,2668
76,187,286,5740
77,261,286,2857
78,15,301,252274
79,37,301,184378
80,48,301,156006
81,93,301,786996
82,120,301,2554572
83,132,301,1142590
84,133,301,520440
85,133,301,159348
86,143,301,155940
87,160,301,230362
88,187,301,191198
89,261,301,158308
90,286,301,157300
91,15,325,13
92,37,325,1821
93,48,325,3406
94,93,325,27693
95,120,325,77150
96,132,325,14019
97,133,325,18667
98,133,325,6602
99,143,325,3417
100,160,325,557
101,187,325,8965
102,261,325,6082
103,286,325,3225
104,301,325,252820
105,15,328,1524
106,37,328,284
107,48,328,1869
108,93,328,20008
109,120,328,63317
110,132,328,9349
111,133,328,14056
112,133,328,5065
113,143,328,1880
114,160,328,980
115,187,328,7428
116,261,328,4545
117,286,328,1688
118,301,328,193812
119,325,328,1537
120,15,332,2718
121,37,332,910
122,48,332,675
123,93,332,14038
124,120,332,52571
125,132,332,9883
126,133,332,10474
127,133,332,3871
128,143,332,686
129,160,332,2174
130,187,332,6234
131,261,332,3351
132,286,332,494
133,301,332,162328
134,325,332,2731
135,328,332,1194
0,26,38,28119
1,26,91,7638
2,38,91,13880
3,26,124,4430
4,38,124,54699
5,91,124,16498
6,26,132,42975
7,38,132,546276
8,91,132,157802
9,124,132,58023
10,26,133,2224
11,38,133,41463
12,91,133,12086
13,124,133,2206
14,132,133,35313
15,26,223,21950
16,38,223,155734
17,91,223,44188
18,124,223,51474
19,132,223,525994
20,133,223,33826
21,26,257,10522
22,38,257,242079
23,91,257,65078
24,124,257,41702
25,132,257,416317
26,133,257,21848
27,223,257,211432
28,26,269,6433
29,38,269,214335
30,91,269,59300
31,124,269,28093
32,132,269,294677
33,133,269,13111
34,223,269,175176
35,257,269,98347
36,26,301,91898
37,38,301,533595
38,91,301,144750
39,124,301,187736
40,132,301,1927631
41,133,301,129994
42,223,301,765952
43,257,301,827258
44,269,301,693757
45,26,318,4864
46,38,318,57303
47,91,318,17366
48,124,318,434
49,132,318,64967
50,133,318,2640
51,223,318,54946
52,257,318,45608
53,269,318,31131
54,301,318,200322
0,59,71,20426
1,59,119,6533
2,71,119,3680
3,59,132,102654
4,71,132,150522
5,119,132,48401
6,59,203,23325
7,71,203,65486
8,119,203,19863
9,132,203,403075
10,59,221,17945
11,71,221,63742
12,119,221,18991
13,132,221,373659
14,203,221,89296
15,59,246,3443
16,71,246,13656
17,119,246,4988
18,132,246,75907
19,203,246,15053
20,221,246,15925
21,59,285,64957
22,71,285,8716
23,119,285,9613
24,132,285,472913
25,203,285,206332
26,221,285,200228
27,246,285,44529
28,59,301,226927
29,71,301,339384
30,119,301,111988
31,132,301,2828989
32,203,301,872665
33,221,301,796467
34,246,301,167376
35,285,301,1073033
0,70,132,529345
1,70,144,277964
2,132,144,705520
3,70,160,55891
4,132,160,90558
5,144,160,59644
6,70,163,301344
7,132,163,505949
8,144,163,335744
9,160,163,3127
10,70,301,1258009
11,132,301,2817231
12,144,301,1607942
13,163,301,936205
14,160,301,166625
15,70,308,540791
16,132,308,1515057
17,144,308,834954
18,163,308,640005
19,160,308,115493
20,301,308,3371278
21,70,317,384004
22,132,317,731399
23,144,317,446586
24,163,317,123176
25,160,317,21957
26,301,317,1440941
27,308,317,903811
0,54,62,1921
1,54,63,47934
2,62,63,57277
3,54,75,25366
4,62,75,31129
5,63,75,464710
6,54,96,26676
7,62,96,38733
8,63,96,530000
9,75,96,215828
10,54,115,30249
11,62,115,41775
12,63,115,445503
13,75,115,149181
14,96,115,163359
15,54,132,42683
16,62,132,58898
17,63,132,865795
18,75,132,362105
19,96,132,406847
20,115,132,283093
21,54,136,44391
22,62,136,48322
23,63,136,819497
24,75,136,343931
25,96,136,422987
26,115,136,290295
27,132,136,645618
28,54,259,19102
29,62,259,26786
30,63,259,374996
31,75,259,151956
32,96,259,171496
33,115,259,115370
34,132,259,290412
35,136,259,290052
36,54,301,98147
37,62,301,150676
38,63,301,2788239
39,75,301,1289735
40,96,301,1407177
41,115,301,1326519
42,132,301,2363320
43,136,301,2367680
44,259,301,997490
45,54,303,26420
46,62,303,30262
47,63,303,513248
48,75,303,210560
49,96,303,250494
50,115,303,206688
51,132,303,427136
52,136,303,399404
53,259,303,173884
54,301,303,1392914
55,54,312,67321
56,62,312,72853
57,63,312,1366545
58,75,312,581455
59,96,312,710269
60,115,312,584164
61,132,312,1149971
62,136,312,1036305
63,259,312,473492
64,301,312,3741859
65,303,312,602022
0,8,63,183312
1,8,119,487656
2,63,119,519554
3,8,122,982
4,63,122,46302
5,119,122,123810
6,8,124,119112
7,63,124,84828
8,119,124,247536
9,122,124,30173
10,8,132,73032
11,63,132,111146
12,119,132,354726
13,122,132,18574
14,124,132,71016
15,8,165,365060
16,63,165,711586
17,119,165,2053354
18,122,165,92385
19,124,165,435387
20,132,165,389358
21,8,183,10284
22,63,183,30504
23,119,183,64734
24,122,183,2650
25,124,183,16923
26,132,183,13070
27,165,183,67955
28,8,215,258232
29,63,215,113176
30,119,215,666174
31,122,215,65190
32,124,215,89484
33,132,215,147452
34,165,215,957572
35,183,215,43990
36,8,261,191384
37,63,261,158754
38,119,261,542210
39,122,261,48478
40,124,261,90634
41,132,261,126818
42,165,261,747560
43,183,261,27278
44,215,261,196646
45,8,301,788240
46,63,301,1298566
47,119,301,3635954
48,122,301,199983
49,124,301,709418
50,132,301,738390
51,165,301,4150265
52,183,301,127213
53,215,301,1721036
54,261,301,1339052
0,8,12,4222
1,8,26,81727
2,12,26,41919
3,8,46,16595
4,12,46,9353
5,26,46,16283
6,8,60,2337515
7,12,60,1136037
8,26,60,1249355
9,46,60,712990
10,8,74,1317690
11,12,74,635624
12,26,74,778921
13,46,74,420695
14,60,74,7108317
15,8,118,1488043
16,12,118,753521
17,26,118,758067
18,46,118,369734
19,60,118,25684616
20,74,118,15467331
21,8,119,1629158
22,12,119,812468
23,26,119,937891
24,46,119,430325
25,60,119,30505787
26,74,119,17882568
27,118,119,22392553
28,8,128,2444386
29,12,128,1190528
30,26,128,1224049
31,46,128,735559
32,60,128,9166917
33,74,128,4159112
34,118,128,25263625
35,119,128,30125282
36,8,131,1601046
37,12,131,773080
38,26,131,931487
39,46,131,508129
40,60,131,8617163
41,74,131,2429994
42,118,131,18583249
43,119,131,21562192
44,128,131,5443652
45,8,132,289408
46,12,132,148926
47,26,132,96441
48,46,132,62389
49,60,132,4775457
50,74,132,2909434
51,118,132,3474215
52,119,132,4173418
53,128,132,4675688
54,131,132,3498066
55,8,133,49229
56,12,133,23559
57,26,133,32739
58,46,133,16456
59,60,133,355992
60,74,133,75445
61,118,133,636398
62,119,133,722183
63,128,133,242367
64,131,133,105869
65,132,133,121581
66,8,141,132359
67,12,141,63013
68,26,141,94385
69,46,141,45536
70,60,141,1128958
71,74,141,296537
72,118,141,1813394
73,119,141,2036261
74,128,141,853785
75,131,141,398095
76,132,141,349415
77,133,141,7358
78,8,142,85680
79,12,142,42840
80,26,142,22034
81,46,142,21420
82,60,142,1785800
83,74,142,1073094
84,118,142,1130670
85,119,142,1328516
86,128,142,1787078
87,131,142,1290090
88,132,142,172552
89,133,142,43444
90,141,142,122668
91,8,151,122649
92,12,151,60269
93,26,151,51094
94,46,151,34811
95,60,151,436747
96,74,151,345147
97,118,151,1132417
98,119,151,1412433
99,128,151,308771
100,131,151,396957
101,132,151,210123
102,133,151,18355
103,141,151,58897
104,142,151,80154
105,8,153,1332582
106,12,153,647292
107,26,153,700917
108,46,153,407823
109,60,153,5543667
110,74,153,1986154
111,118,153,14290981
112,119,153,16879088
113,128,153,3051162
114,131,153,2716502
115,132,153,2658884
116,133,153,111615
117,141,153,413529
118,142,153,1005222
119,151,153,218775
120,8,154,622754
121,12,154,300822
122,26,154,360006
123,46,154,197176
124,60,154,3401598
125,74,154,1293866
126,118,154,7194062
127,119,154,8358138
128,128,154,2325670
129,131,154,1650300
130,132,154,1354030
131,133,154,52150
132,141,154,178728
133,142,154,499672
134,151,154,150934
135,153,154,1265394
136,8,180,168021
137,12,180,87177
138,26,180,19290
139,46,180,29559
140,60,180,3111495
141,74,180,1912383
142,118,180,1560471
143,119,180,1940883
144,128,180,3093447
145,131,180,2292921
146,132,180,242163
147,133,180,78927
148,141,180,225285
149,142,180,64260
150,151,180,133992
151,154,180,887118
152,153,180,1755531
153,8,200,139514
154,12,200,72218
155,26,200,190157
156,46,200,59893
157,60,200,4591227
158,74,200,2697420
159,118,200,3688427
160,119,200,4229752
161,128,200,4650894
162,131,200,3253524
163,132,200,701284
164,133,200,106611
165,141,200,296841
166,142,200,228240
167,151,200,218595
168,154,200,1261806
169,153,200,2588688
170,180,200,416151
171,8,205,98501
172,12,205,52417
173,26,205,85816
174,46,205,20687
175,60,205,3477827
176,74,205,2006653
177,118,205,1938251
178,119,205,2231773
179,128,205,3545765
180,131,205,2426219
181,132,205,359943
182,133,205,77879
183,141,205,214477
184,142,205,112792
185,151,205,169654
186,154,205,941870
187,153,205,1959897
188,180,205,160998
189,200,205,328895
190,8,277,27881
191,12,277,12885
192,26,277,27402
193,46,277,11119
194,60,277,442877
195,74,277,176077
196,118,277,502973
197,119,277,540725
198,128,277,401989
199,131,277,219035
200,132,277,100233
201,133,277,5337
202,141,277,12179
203,142,277,32770
204,151,277,23692
205,154,277,85986
206,153,277,207681
207,180,277,62916
208,200,277,74589
209,205,277,51194
210,8,286,41603
211,12,286,21857
212,26,286,10031
213,46,286,6252
214,60,286,918332
215,74,286,558239
216,118,286,405066
217,119,286,513879
218,128,286,923119
219,131,286,670681
220,132,286,73519
221,133,286,22708
222,141,286,64292
223,142,286,21420
224,151,286,41063
225,154,286,259696
226,153,286,520359
227,180,286,10803
228,200,286,109909
229,205,286,35661
230,277,286,17371
231,8,301,3511456
232,12,301,1781060
233,26,301,1750266
234,46,301,853580
235,60,301,69418214
236,74,301,41115030
237,118,301,47727836
238,119,301,56075708
239,128,301,68896840
240,131,301,49489766
241,132,301,8438528
242,133,301,1660878
243,141,301,4683738
244,142,301,2631922
245,151,301,3154990
246,154,301,19175116
247,153,301,38670732
248,180,301,3665248
249,200,301,9163602
250,205,301,4624994
251,277,301,1244592
252,286,301,1021774
253,8,307,1147158
254,12,307,558402
255,26,307,672610
256,46,307,359114
257,60,307,8008550
258,74,307,4305174
259,118,307,13687296
260,119,307,16021152
261,128,307,6561602
262,131,307,5294748
263,132,307,2560496
264,133,307,199634
265,141,307,614230
266,142,307,934926
267,151,307,349270
268,154,307,2117136
269,153,307,3763332
270,180,307,1632030
271,200,307,2389242
272,205,307,1747590
273,277,307,223940
274,286,307,471990
275,301,307,36419510
276,8,320,54634
277,12,320,29428
278,26,320,27205
279,46,320,11803
280,60,320,1608361
281,74,320,959332
282,118,320,837021
283,119,320,1002724
284,128,320,1631948
285,131,320,1155644
286,132,320,146820
287,133,320,38273
288,141,320,107155
289,142,320,42840
290,151,320,74983
291,154,320,447962
292,153,320,912144
293,180,320,43035
294,200,320,165160
295,205,320,69153
296,277,320,27599
297,286,320,11803
298,301,320,1999398
299,307,320,819960
300,8,331,52320
301,12,331,26160
302,26,331,88130
303,46,331,22998
304,60,331,2229388
305,74,331,1176824
306,118,331,1627918
307,119,331,1765800
308,128,331,2252296
309,131,331,1434568
310,132,331,317790
311,133,331,42826
312,141,331,113150
313,142,331,99982
314,151,331,116246
315,154,331,558724
316,153,331,1217328
317,180,331,187230
318,200,331,206104
319,205,331,120628
320,277,331,21478
321,286,331,48006
322,301,331,3866142
323,307,331,1102040
324,320,331,70406
351,8,343,56171
352,12,343,29141
353,26,343,6389
354,46,343,9894
355,60,343,1038518
356,74,343,638363
357,118,343,521674
358,119,343,648683
359,128,343,1032379
360,131,343,765373
361,132,343,80803
362,133,343,26350
363,141,343,75218
364,142,343,21420
365,151,343,44705
366,154,343,296116
367,153,343,585915
368,180,343,123
369,200,343,139045
370,205,343,53871
371,277,343,21013
372,286,343,3642
373,301,343,1224490
374,307,343,544830
375,320,343,14427
376,331,343,62574
0,65,77,89962
1,65,77,3928
2,65,82,34318
3,65,82,4582
4,77,82,2618
5,65,84,21039
6,65,84,8376
7,77,84,6412
8,82,84,1897
9,65,124,43955
10,65,124,27546
11,77,124,23618
12,82,124,9191
13,84,124,5397
14,65,132,81032
15,65,132,47408
16,77,132,39552
17,82,132,14540
18,84,132,7358
19,124,132,7684
20,65,133,81552
21,65,133,5904
22,77,133,2196
23,82,133,1630
24,84,133,5424
25,124,133,21642
26,132,133,35600
27,65,135,150006
28,65,135,41834
29,77,135,35942
30,82,135,14044
31,84,135,10743
32,124,135,29389
33,132,135,51900
34,133,135,32978
35,65,137,53404
36,65,137,13516
37,77,137,9588
38,82,137,2176
39,84,137,1618
40,124,137,14030
41,132,137,20376
42,133,137,7612
43,135,137,22488
44,65,163,46106
45,65,163,1714
46,77,163,250
47,82,163,1434
48,84,163,3331
49,124,163,12059
50,132,163,20276
51,133,163,1238
52,135,163,18346
53,137,163,5044
54,65,166,53474
55,65,166,13496
56,77,166,9568
57,82,166,2166
58,84,166,1628
59,124,166,14050
60,132,166,20416
61,133,166,7592
62,135,166,22498
63,137,166,38
64,163,166,5034
65,65,246,26877
66,65,246,6708
67,77,246,4744
68,82,246,1063
69,84,246,834
70,124,246,7065
71,132,246,10288
72,133,246,3756
73,135,246,11269
74,137,246,50
75,163,246,2497
76,166,246,40
77,65,273,53376
78,65,273,13524
79,77,273,9596
80,82,273,2180
81,84,273,1614
82,124,273,14022
83,132,273,20360
84,133,273,7620
85,135,273,22484
86,137,273,48
87,163,273,5048
88,166,273,52
89,246,273,54
90,65,283,86658
91,65,283,6888
92,77,283,6888
93,82,283,3444
94,84,283,5664
95,124,283,22122
96,132,283,36560
97,133,283,6888
98,135,283,34236
99,137,283,8092
100,163,283,3444
101,166,283,8072
102,246,283,3996
103,273,283,8100
104,65,301,865577
105,65,301,160124
106,77,301,138520
107,82,301,58149
108,84,301,59100
109,124,301,204393
110,132,301,341236
111,133,301,129668
112,135,301,395065
113,137,301,108858
114,163,301,70635
115,166,301,108828
116,246,301,54354
117,273,301,108870
118,283,301,138482
119,65,319,53216
120,65,319,134
121,77,319,1830
122,82,319,2224
123,84,319,4121
124,124,319,13639
125,132,319,23436
126,133,319,2818
127,135,319,20716
128,137,319,6624
129,163,319,790
130,166,319,6614
131,246,319,3287
132,273,319,6628
133,283,319,3444
134,301,319,79325
135,65,333,63261
136,65,333,1716
137,77,333,3680
138,82,333,3149
139,84,333,5046
140,124,333,15489
141,132,333,27136
142,133,333,4668
143,135,333,25013
144,137,333,8474
145,163,333,1715
146,166,333,8464
147,246,333,4212
148,273,333,8478
149,283,333,4428
150,301,333,93014
151,319,333,925
170,65,65,107704
0,8,115,1101
1,8,132,36297
2,115,132,30792
3,8,162,2496
4,115,162,3597
5,132,162,48777
6,8,176,91194
7,115,176,79782
8,132,176,526258
9,162,176,131254
10,8,202,42569
11,115,202,37064
12,132,202,149150
13,162,202,55049
14,176,202,336940
15,8,225,85829
16,115,225,67388
17,132,225,530620
18,162,225,133253
19,176,225,1224056
20,202,225,382388
21,8,255,53033
22,115,255,38720
23,132,255,352994
24,162,255,85481
25,176,255,809466
26,202,255,289938
27,225,255,638846
28,8,260,46902
29,115,260,40296
30,132,260,163144
31,162,260,61878
32,176,260,364450
33,202,260,23396
34,225,260,408114
35,255,260,301680
36,8,301,169328
37,115,301,147423
38,132,301,1336567
39,162,301,253836
40,176,301,3246842
41,202,301,1110619
42,225,301,3095871
43,255,301,1979897
44,260,301,1201520
45,8,322,51047
46,115,322,41138
47,132,322,232034
48,162,322,73511
49,176,322,514480
50,202,322,127886
51,225,322,463782
52,255,322,292870
53,260,322,124288
54,301,322,1468777
0,89,105,10046
1,89,119,6883
2,105,119,111275
3,89,132,33923
4,105,132,243635
5,119,132,327068
6,89,146,10746
7,105,146,28196
8,119,146,129090
9,132,146,337734
10,89,152,26666
11,105,152,103342
12,119,152,268012
13,132,152,516838
14,146,152,159996
15,89,246,3768
16,105,246,21350
17,119,246,34075
18,132,246,37879
19,146,246,33354
20,152,246,38902
21,89,272,4563
22,105,272,23735
23,119,272,42025
24,132,272,48119
25,146,272,38124
26,152,272,46582
27,246,272,795
28,89,301,250278
29,105,301,1110344
30,119,301,2543346
31,132,301,4459134
32,146,301,1682432
33,152,301,3042084
34,246,301,304372
35,272,301,335662
0,29,43,253094
1,29,55,110298
2,43,55,4838
3,29,86,3386659
4,43,86,186395
5,55,86,93195
6,29,102,1405331
7,43,102,112647
8,55,102,59429
9,86,102,1013534
10,29,118,1036342
11,43,118,14614
12,55,118,14414
13,86,118,792454
14,102,118,515128
15,29,132,3043516
16,43,132,135490
17,55,132,79460
18,86,132,2290016
19,102,132,975898
20,118,132,618600
21,29,141,175830
22,43,141,12134
23,55,141,7296
24,86,141,118737
25,102,141,20827
26,118,141,58190
27,132,141,113596
28,29,142,83631
29,43,142,7409
30,55,142,2571
31,86,142,79154
32,102,142,31148
33,118,142,29840
34,132,142,74698
35,141,142,4725
36,29,152,167855
37,43,152,11859
38,55,152,7021
39,86,152,113872
40,102,152,17802
41,118,152,56540
42,132,152,109746
43,141,152,275
44,142,152,4450
45,29,205,443225
46,43,205,9613
47,55,205,4901
48,86,205,348048
49,102,205,232198
50,118,205,19018
51,132,205,281184
52,141,205,26789
53,142,205,12614
54,152,205,25964
55,29,226,1286855
56,43,226,14587
57,55,226,19279
58,86,226,975012
59,102,226,628072
60,118,226,56482
61,132,226,753010
62,141,226,70351
63,142,226,37276
64,152,226,68426
65,205,226,26826
66,29,246,359864
67,43,246,4540
68,55,246,5136
69,86,246,275138
70,102,246,175354
71,118,246,18852
72,132,246,210700
73,141,246,19728
74,142,246,10278
75,152,246,19178
76,205,246,9426
77,226,246,22872
78,29,299,1267052
79,43,299,47690
80,55,299,20064
81,86,299,992163
82,102,299,549367
83,118,299,183842
84,132,299,828592
85,141,299,63196
86,142,299,32115
87,152,299,61271
88,205,299,75779
89,226,299,231721
90,246,299,63600
91,29,301,8723659
92,43,301,372071
93,55,301,211725
94,86,301,6810406
95,102,301,3178816
96,118,301,1636790
97,132,301,5804886
98,141,301,375471
99,142,301,203818
100,152,301,360896
101,205,301,737104
102,226,301,1998354
103,246,301,563688
104,299,301,2336883
105,29,329,669999
106,43,329,43611
107,55,329,14583
108,86,329,569455
109,102,329,259001
110,118,329,173982
111,132,329,513046
112,141,329,31119
113,142,329,12763
114,152,329,30019
115,205,329,73155
116,226,329,217755
117,246,329,59982
118,299,329,198241
119,301,329,1444237
0,6,53,180691
1,6,78,32695
2,53,78,26451
3,6,132,177684
4,53,132,230065
5,78,132,25299
6,6,142,46072
7,53,142,55720
8,78,142,5876
9,132,142,56662
10,6,190,296698
11,53,190,385952
12,78,190,48300
13,132,190,399194
14,142,190,92446
15,6,191,141442
16,53,191,152494
17,78,191,12686
18,132,191,145948
19,142,191,38500
20,190,191,277366
21,6,198,248210
22,53,198,308585
23,78,198,28383
24,132,198,263316
25,142,198,76388
26,190,198,555528
27,191,198,169394
28,6,301,1120433
29,53,301,1372951
30,78,301,138390
31,132,301,1276619
32,142,301,329766
33,190,301,2419930
34,191,301,847728
35,198,301,1501265
36,6,334,116744
37,53,334,157246
38,78,334,19058
39,132,334,149288
40,142,334,38904
41,190,334,268924
42,191,334,103528
43,198,334,193570
44,301,334,912290
45,6,335,239483
46,53,335,278585
47,78,335,28056
48,132,335,266641
49,142,335,71140
50,190,335,506448
51,191,335,167000
52,198,335,313273
53,301,335,1553422
54,334,335,187934
0,32,132,130515
1,32,174,124877
2,132,174,2361590
3,32,201,219
4,132,201,128106
5,174,201,120716
6,32,204,61430
7,132,204,1906927
8,174,204,1394707
9,201,204,58053
10,32,222,29906
11,132,222,661928
12,174,222,415304
13,201,222,28592
14,204,222,358698
15,32,301,205057
16,132,301,6758630
17,174,301,5057792
18,201,301,195274
19,204,301,3409823
20,222,301,1285432
0,61,64,504
1,61,99,7499
2,64,99,8003
3,61,111,7502
4,64,111,8006
5,99,111,3
6,61,113,14998
7,64,113,18022
8,99,113,29996
9,111,113,30014
10,61,120,5055
11,64,120,5441
12,99,120,10565
13,111,120,10571
14,113,120,30330
15,61,127,37504
16,64,127,40528
17,99,127,7490
18,111,127,7508
19,113,127,135036
20,120,127,48410
21,61,132,12716
22,64,132,14732
23,99,132,17280
24,111,132,17292
25,113,132,32260
26,120,132,20220
27,127,132,73720
28,61,142,6920
29,64,142,7424
30,99,142,579
31,111,142,582
32,113,142,26522
33,120,142,9407
34,127,142,5230
35,132,142,14964
36,61,162,31345
37,64,162,35377
38,99,162,28647
39,111,162,28671
40,113,162,134182
41,120,162,51708
42,127,162,133902
43,132,162,84082
44,142,162,25065
45,61,206,2203
46,64,206,3211
47,99,206,12795
48,111,206,12801
49,113,206,16778
50,120,206,10110
51,127,206,61790
52,132,206,17076
53,142,206,11637
54,162,206,51112
55,61,210,38349
56,64,210,44901
57,99,210,59138
58,111,210,59177
59,113,210,133428
60,120,210,75209
61,127,210,275138
62,132,210,106434
63,142,210,52011
64,162,210,303767
65,206,210,50769
66,61,238,52950
67,64,238,60006
68,99,238,52036
69,111,238,52078
70,113,238,201066
71,120,238,86324
72,127,238,227382
73,132,238,130168
74,142,238,43930
75,162,238,311906
76,206,238,79092
77,210,238,472726
78,61,244,451
79,64,244,955
80,99,244,7048
81,111,244,7051
82,113,244,12292
83,120,244,5055
84,127,244,34798
85,132,244,10912
86,142,244,6469
87,162,244,28209
88,206,244,1301
89,210,244,32486
90,238,244,46636
91,61,286,4340
92,64,286,4844
93,99,286,3159
94,111,286,3162
95,113,286,11042
96,120,286,5055
97,127,286,11464
98,132,286,4644
99,142,286,2580
100,162,286,18683
101,206,286,6477
102,210,286,29989
103,238,286,29554
104,244,286,3889
105,61,301,141431
106,64,301,161591
107,99,301,208005
108,111,301,208143
109,113,301,590062
110,120,301,270856
111,127,301,956224
112,132,301,424404
113,142,301,181603
114,162,301,1104846
115,206,301,218816
116,210,301,1520679
117,238,301,1759360
118,244,301,124787
119,286,301,111411
0,71,77,24125
1,71,92,29542
2,77,92,37338
3,71,121,5209
4,77,121,14332
5,92,121,18808
6,71,132,116273
7,77,132,41637
8,92,132,205266
9,121,132,73137
10,71,158,3026
11,77,158,6323
12,92,158,9404
13,121,158,843
14,132,158,34461
15,71,234,127201
16,77,234,28509
17,92,234,216210
18,121,234,78671
19,132,234,114282
20,158,234,36385
21,71,246,85513
22,77,246,31542
23,92,246,149202
24,121,246,53506
25,132,246,210781
26,158,246,25067
27,234,246,175105
28,71,283,24521
29,77,283,57330
30,92,283,76034
31,121,283,11392
32,132,283,292553
33,158,283,6539
34,234,283,314691
35,246,283,214028
36,71,301,145013
37,77,301,36292
38,92,301,246378
39,121,301,89670
40,132,301,151501
41,158,301,41463
42,234,301,84609
43,246,301,218906
44,283,301,358688
45,71,324,223032
46,77,324,63280
47,92,324,381340
48,121,324,138180
49,132,324,306324
50,158,324,64032
51,234,324,223672
52,246,324,378868
53,283,324,552732
54,301,324,284074
0,52,89,20894
1,52,121,19625
2,89,121,423
3,52,132,183091
4,89,132,21685
5,121,132,21685
6,52,141,26795
7,89,141,1967
8,121,141,2390
9,132,141,25233
10,52,185,80825
11,89,185,5943
12,121,185,7212
13,132,185,75783
14,141,185,910
15,52,228,46020
16,89,228,9744
17,121,228,8475
18,132,228,78711
19,141,228,15645
20,185,228,47061
21,52,250,124093
22,89,250,10701
23,121,250,9855
24,132,250,143184
25,141,250,14917
26,185,250,45223
27,228,250,53919
28,52,301,1266270
29,89,301,146108
30,121,301,141801
31,132,301,1460509
32,141,301,192349
33,185,301,578601
34,228,301,495456
35,250,301,984971
36,52,308,329991
37,89,308,36083
38,121,308,36067
39,132,308,360002
40,141,308,47151
41,185,308,141789
42,228,308,132891
43,250,308,251384
44,301,308,2686299
45,52,313,115172
46,89,313,11678
47,121,313,10832
48,132,313,144918
49,141,313,16966
50,185,313,51598
51,228,313,43992
52,250,313,80048
53,301,313,956816
54,308,313,248060
55,52,338,174344
56,89,338,14940
57,121,338,16209
58,132,338,176921
59,141,338,12075
60,185,338,36695
61,228,338,90018
62,250,338,108241
63,301,338,1320542
64,308,338,328577
65,313,338,117630
0,34,54,37364
1,34,121,42376
2,54,121,10602
3,34,132,223912
4,54,132,48288
5,121,132,57765
6,34,246,25274
7,54,246,6272
8,121,246,13738
9,132,246,48314
10,34,268,118898
11,54,268,23070
12,121,268,53696
13,132,268,222930
14,246,268,18898
15,34,276,440490
16,54,276,110920
17,121,276,120616
18,132,276,776750
19,246,276,114312
20,268,276,487754
21,34,277,33982
22,54,277,7650
23,121,277,1476
24,132,277,45055
25,246,277,10786
26,268,277,41888
27,276,277,92586
28,34,301,1189418
29,54,301,272670
30,121,301,266088
31,132,301,1877955
32,246,301,295510
33,268,301,1281594
34,276,301,4025302
35,277,301,200128
36,34,308,793610
37,54,308,156442
38,121,308,183735
39,132,308,1208908
40,246,308,191460
41,268,308,804976
42,276,308,2627756
43,277,308,137379
44,301,308,6259809
0,132,149,231634
1,132,252,122512
2,149,252,398258
3,132,290,99402
4,149,290,268804
5,252,290,119368
6,132,301,334876
7,149,301,640069
8,252,301,395950
9,290,301,362454
0,119,126,349362
1,119,132,582425
2,126,132,149449
3,119,151,81691
4,126,151,6287
5,132,151,34278
6,119,163,1195455
7,126,163,84503
8,132,163,498594
9,151,163,16682
10,119,173,830655
11,126,173,347475
12,132,173,552626
13,151,173,83788
14,163,173,1197908
15,119,181,83011
16,126,181,6167
17,132,181,34698
18,151,181,60
19,163,181,16142
20,173,181,85048
21,119,295,29637
22,126,295,18679
23,132,295,26244
24,151,295,4678
25,163,295,64706
26,173,295,28454
27,181,295,4738
28,119,296,1681778
29,126,296,164666
30,132,296,729351
31,151,296,34613
32,163,296,501383
33,173,296,1668215
34,181,296,34253
35,295,296,90011
36,119,301,1451594
37,126,301,421708
38,132,301,803657
39,151,301,95879
40,163,301,1427799
41,173,301,1383573
42,181,301,97405
43,295,301,64441
44,296,301,2035968
0,11,93,920790
1,11,94,803751
2,93,94,737592
3,11,126,20073
4,93,126,65460
5,94,126,53140
6,11,132,403334
7,93,132,1076144
8,94,132,920196
9,126,132,27122
10,11,133,31899
11,93,133,153170
12,94,133,130643
13,126,133,2377
14,132,133,65640
15,11,138,78813
16,93,138,41718
17,94,138,38956
18,126,138,5340
19,132,138,87466
20,133,138,12905
21,11,142,24361
22,93,142,183530
23,94,142,164941
24,126,142,5261
25,132,142,84872
26,133,142,6072
27,138,142,15941
28,11,150,172206
29,93,150,434530
30,94,150,356671
31,126,150,4789
32,132,150,205314
33,133,150,22951
34,138,150,35011
35,142,150,41565
36,11,187,78835
37,93,187,41746
38,94,187,38982
39,126,187,5342
40,132,187,87498
41,133,187,12909
42,138,187,2
43,142,187,15945
44,150,187,35025
45,11,189,637107
46,93,189,511522
47,94,189,485655
48,126,189,39651
49,132,189,691162
50,133,189,101552
51,138,189,30869
52,142,189,131912
53,150,189,259799
54,187,189,30893
55,11,231,241064
56,93,231,294716
57,94,231,249670
58,126,231,10966
59,132,231,251640
60,133,231,35282
61,138,231,21074
62,142,231,53498
63,150,231,74020
64,187,231,21086
65,189,231,167524
66,11,281,90699
67,93,281,703410
68,94,281,620107
69,126,281,17973
70,132,281,302230
71,133,281,20818
72,138,281,60693
73,142,281,6768
74,150,281,144763
75,187,281,60709
76,189,281,496938
77,231,281,195566
78,11,301,2215956
79,93,301,3125578
80,94,301,2780710
81,126,301,156908
82,132,301,2822492
83,133,301,365458
84,138,301,206952
85,142,301,441572
86,150,301,1089250
87,187,301,207028
88,189,301,2089940
89,231,301,939582
90,281,301,1668946
91,11,308,81332
92,93,308,45130
93,94,308,42071
94,126,308,5569
95,132,308,91130
96,133,308,13363
97,138,308,229
98,142,308,16399
99,150,308,36614
100,187,308,227
101,189,308,33617
102,231,308,22448
103,281,308,62525
104,301,308,216080
0,4,118,20846
1,4,124,579
2,118,124,11002
3,4,132,19121
4,118,132,16094
5,124,132,9850
6,4,218,105661
7,118,218,78956
8,124,218,57752
9,132,218,131266
10,4,266,125738
11,118,266,127688
12,124,266,65978
13,132,266,184610
14,218,266,1008370
15,4,301,223102
16,118,301,194496
17,124,301,118414
18,132,301,312488
19,218,301,1640760
20,266,301,2338342
0,30,122,75166
1,30,132,1110928
2,122,132,126830
3,30,194,866308
4,122,194,94119
5,132,194,1949783
6,30,284,424812
7,122,284,46845
8,132,284,806109
9,194,284,699983
10,30,291,267404
11,122,291,32720
12,132,291,581980
13,194,291,490653
14,284,291,197019
15,30,301,2322714
16,122,301,248647
17,132,301,5063583
18,194,301,4028325
19,284,301,1789732
20,291,301,1269689
0,87,89,31836
1,87,95,160054
2,89,95,14433
3,87,107,18630
4,89,107,718
5,95,107,10125
6,87,118,507384
7,89,118,12321
8,95,118,216372
9,107,118,16591
10,87,132,2449096
11,89,132,81068
12,95,132,984906
13,107,132,99736
14,118,132,1185678
15,87,142,60116
16,89,142,1414
17,95,142,24249
18,107,142,2132
19,118,142,21747
20,132,142,44862
21,87,187,100456
22,89,187,3431
23,95,187,40385
24,107,187,4149
25,118,187,49985
26,132,187,43090
27,142,187,2017
28,87,205,67840
29,89,205,3392
30,95,205,27306
31,107,205,3392
32,118,205,50170
33,132,205,215852
34,142,205,4894
35,187,205,8928
36,87,262,1817332
37,89,262,63806
38,95,262,730377
39,107,262,76012
40,118,262,926451
41,132,262,893892
42,142,262,39768
43,187,262,17331
44,205,262,162734
45,87,301,2143076
46,89,301,65825
47,95,301,876717
48,107,301,82075
49,118,301,1035791
50,132,301,2083774
51,142,301,53315
52,187,301,74096
53,205,301,195206
54,262,301,1421955
0,97,132,419440
1,97,179,374565
2,132,179,654386
3,97,183,181831
4,132,183,233784
5,179,183,282974
6,97,246,117474
7,132,246,131866
8,179,246,226118
9,183,246,43542
10,97,292,405937
11,132,292,538514
12,179,292,640492
13,183,292,188900
14,246,292,102426
15,97,301,1905761
16,132,301,2660956
17,179,301,2913535
18,183,301,1010579
19,246,301,581084
20,292,301,2344425
0,10,13,6481
1,10,63,40630
2,13,63,287373
3,10,72,15747
4,13,72,115214
5,63,72,31003
6,10,89,1369
7,13,89,16333
8,63,89,50213
9,72,89,18485
10,10,98,1365
11,13,98,16301
12,63,98,50185
13,72,98,18477
14,89,98,4
15,10,121,56490
16,13,121,414253
17,63,121,172484
18,72,121,48303
19,89,121,66495
20,98,121,66459
21,10,129,6466
22,13,129,60527
23,63,129,260260
24,72,129,103329
25,89,129,13033
26,98,129,13005
27,121,129,371280
28,10,132,49606
29,13,132,362070
30,63,132,262434
31,72,132,83258
32,89,132,62260
33,98,132,62220
34,121,132,382090
35,129,132,327038
36,10,162,9524
37,13,162,70811
38,63,162,26038
39,72,162,3301
40,89,162,10893
41,98,162,10889
42,121,162,31542
43,129,162,63218
44,132,162,47366
45,10,167,2942
46,13,167,18155
47,63,167,20036
48,72,167,9863
49,89,167,4311
50,98,167,4307
51,121,167,35896
52,129,167,17144
53,132,167,35374
54,162,167,6582
55,10,185,2968
56,13,185,18363
57,63,185,19854
58,72,185,9811
59,89,185,4337
60,98,185,4333
61,121,185,35714
62,129,185,17326
63,132,185,35322
64,162,185,6556
65,167,185,26
66,10,219,15930
67,13,219,99136
68,63,219,381342
69,72,219,158616
70,89,219,31602
71,98,219,31554
72,121,219,571662
73,129,219,98666
74,132,219,494740
75,162,219,99114
76,167,219,20130
77,185,219,20442
78,10,237,90649
79,13,237,655239
80,63,237,202173
81,72,237,44649
82,89,237,108446
83,98,237,108394
84,121,237,344969
85,129,237,589693
86,132,237,525064
87,162,237,33565
88,167,237,52403
89,185,237,52065
90,219,237,890526
91,10,277,2128
92,13,277,11643
93,63,277,25734
94,72,277,11491
95,89,277,3497
96,98,277,3493
97,121,277,41594
98,129,277,11446
99,132,277,37002
100,162,277,7396
101,167,277,814
102,185,277,840
103,219,277,10362
104,237,277,62985
105,10,286,9048
106,13,286,67003
107,63,286,22706
108,72,286,2349
109,89,286,10417
110,98,286,10413
111,121,286,28030
112,129,286,59886
113,132,286,44980
114,162,286,476
115,167,286,6106
116,185,286,6080
117,219,286,93402
118,237,286,28845
119,277,286,6920
120,10,297,3735
121,13,297,24499
122,63,297,14485
123,72,297,8277
124,89,297,5104
125,98,297,5100
126,121,297,30797
127,129,297,22695
128,132,297,33830
129,162,297,5789
130,167,297,793
131,185,297,767
132,219,297,29646
133,237,297,43024
134,277,297,1607
135,286,297,5313
136,10,301,215525
137,13,301,1550183
138,63,301,1171841
139,72,301,449679
140,89,301,285436
141,98,301,285224
142,121,301,1931103
143,129,301,1415345
144,132,301,2153246
145,162,301,293343
146,167,301,139105
147,185,301,138871
148,219,301,2075920
149,237,301,2702306
150,277,301,149879
151,286,301,270971
152,297,301,135472
153,10,335,9398
154,13,335,64422
155,63,335,15694
156,72,335,12698
157,89,335,12136
158,98,335,12128
159,121,335,52886
160,129,335,58886
161,132,335,70560
162,162,335,9650
163,167,335,3514
164,185,335,3462
165,219,335,82428
166,237,335,69156
167,277,335,5142
168,286,335,8698
169,297,335,1928
170,301,335,282332
0,120,124,5310
1,120,126,190
2,124,126,4930
3,120,132,15703
4,124,132,77420
5,126,132,14753
6,120,157,11996
7,124,157,18282
8,126,157,10666
9,132,157,167783
10,120,301,16315
11,124,301,94616
12,126,301,15497
13,132,301,361300
14,157,301,204281
15,120,327,98535
16,124,327,118808
17,126,327,94165
18,132,327,1594940
19,157,327,501765
20,301,327,1941940
0,1,22,10610
1,1,31,55463
2,22,31,463617
3,1,89,282
4,22,89,11456
5,31,89,52925
6,1,107,19758
7,22,107,162022
8,31,107,83802
9,89,107,18630
10,1,111,14523
11,22,111,125401
12,31,111,208601
13,89,111,12831
14,107,111,60456
15,1,119,110946
16,22,119,999706
17,31,119,1211613
18,89,119,105800
19,107,119,405926
20,111,119,543279
21,1,132,37168
22,22,132,354794
23,31,132,547584
24,89,132,35638
25,107,132,183010
26,111,132,203682
27,119,132,1540364
28,1,142,1900
29,22,142,16310
30,31,142,38363
31,89,142,1618
32,107,142,12158
33,111,142,6089
34,119,142,86844
35,132,142,32320
36,1,206,15843
37,22,206,128759
38,31,206,106583
39,89,206,14715
40,107,206,30560
41,111,206,48118
42,119,206,401011
43,132,206,166964
44,142,206,8243
45,1,246,2516
46,22,246,19346
47,31,246,32819
48,89,246,2234
49,107,246,9694
50,111,246,5815
51,119,246,86678
52,132,246,31750
53,142,246,616
54,206,246,6113
55,1,267,43300
56,22,267,411640
57,31,267,580586
58,89,267,42736
59,107,267,219134
60,111,267,278990
61,119,267,1755414
62,132,267,706472
63,142,267,44886
64,206,267,207606
65,246,267,46118
66,1,301,205773
67,22,301,1824269
68,31,301,2011147
69,89,301,195973
70,107,301,657532
71,111,301,956132
72,119,301,6552423
73,132,301,2704014
74,142,301,158495
75,206,301,675456
76,246,301,152121
77,267,301,3075666
0,23,26,120678
1,23,124,331546
2,26,124,93951
3,23,126,25392
4,26,126,24498
5,124,126,50631
6,23,132,913574
7,26,132,273434
8,124,132,1047636
9,126,132,152546
10,23,138,115766
11,26,138,78933
12,124,138,204137
13,126,138,14519
14,132,138,519996
15,23,301,1882836
16,26,301,844782
17,124,301,2455804
18,126,301,259262
19,132,301,6868820
20,138,301,1027890
21,23,303,20494
22,26,303,18675
23,124,303,42753
24,126,303,1941
25,132,303,111056
26,138,303,5462
27,301,303,198074
0,38,49,115672
1,38,73,27317
2,49,73,21611
3,38,201,30487
4,49,201,20905
5,73,201,1268
6,38,301,241229
7,49,301,373371
8,73,301,103212
9,201,301,104480
